{"explanation":"R1A (documentMapping)","omlIRI":[],"omlUUID":"5f60002f-d026-5a6a-be08-02d4b0336bcb","otiID":"_18_0_6_c0402fd_1492630264797_336933_18501","otiURL":"mdel://_18_0_6_c0402fd_1492630264797_336933_18501?projectName=CAESAR+Patterns&elementName=Profile+Application&metaType=ProfileApplication","otiUUID":["c2380b87-8f0c-46e4-8330-25266a2d5dab"]}
{"explanation":"R1A (documentMapping)","omlIRI":[],"omlUUID":"21ef907e-8c92-5a21-a0fc-49eae51154fe","otiID":"_18_0_6_c0402fd_1491262395552_893216_17309","otiURL":"mdel://_18_0_6_c0402fd_1491262395552_893216_17309?projectName=CAESAR+Patterns&elementName=Profile+Application&metaType=ProfileApplication","otiUUID":["75306d4c-51e9-40c5-91aa-816432248ba5"]}
{"explanation":"R1A (documentMapping)","omlIRI":[],"omlUUID":"1f675f1f-6667-590e-aecc-599e1f1c7bf3","otiID":"_18_0_6_c0402fd_1492450941646_427569_18091","otiURL":"mdel://_18_0_6_c0402fd_1492450941646_427569_18091?projectName=CAESAR+Patterns&elementName=Profile+Application&metaType=ProfileApplication","otiUUID":["84e64b57-c452-42cc-b943-fa819cee0cb3"]}
{"explanation":"R1B (documentPackageMapping)","omlIRI":["http://imce.jpl.nasa.gov/projects/CAESARPatternsTest/caesarPatternTestPackages/_#concept-3115e157-f1c4-4bfb-905f-cba6e2f05b41"],"omlUUID":"11f4183f-6c15-5e7e-8676-da924cfcc87b","otiID":"_18_0_6_c0402fd_1491249499128_793605_15095","otiURL":"mdel://_18_0_6_c0402fd_1491249499128_793605_15095?projectName=CAESAR+Patterns&elementName=Package+WorkPackage&metaType=Package&elementQName=01_TestPatterns%3A%3A01_Conceptual+Patterns%3A%3A02_Europa-Specific+Conceptual+Patterns%3A%3A02_Concept+Authorization%3A%3AOriginal%3A%3AWorkPackage","otiUUID":["3115e157-f1c4-4bfb-905f-cba6e2f05b41"]}
{"explanation":"nestedPackageOrAuthority2TBox(IMCE Ontology Bundles::imce.jpl.nasa.gov::foundation::project::project-bundle::project::project:WorkPackage)","omlIRI":[],"omlUUID":"fec7a798-7166-51e6-8845-74c43e760465","otiID":"_18_0_6_c0402fd_1491249499128_793605_15095","otiURL":"mdel://_18_0_6_c0402fd_1491249499128_793605_15095?projectName=CAESAR+Patterns&elementName=Package+WorkPackage&metaType=Package&elementQName=01_TestPatterns%3A%3A01_Conceptual+Patterns%3A%3A02_Europa-Specific+Conceptual+Patterns%3A%3A02_Concept+Authorization%3A%3AOriginal%3A%3AWorkPackage","otiUUID":["3115e157-f1c4-4bfb-905f-cba6e2f05b41"]}
{"explanation":"R1B (documentPackageMapping)","omlIRI":[],"omlUUID":"e678048a-cae3-59a8-806f-02b2eddab0e8","otiID":"_18_0_6_c0402fd_1491249499128_793605_15095","otiURL":"mdel://_18_0_6_c0402fd_1491249499128_793605_15095?projectName=CAESAR+Patterns&elementName=Package+WorkPackage&metaType=Package&elementQName=01_TestPatterns%3A%3A01_Conceptual+Patterns%3A%3A02_Europa-Specific+Conceptual+Patterns%3A%3A02_Concept+Authorization%3A%3AOriginal%3A%3AWorkPackage","otiUUID":["3115e157-f1c4-4bfb-905f-cba6e2f05b41"]}
{"explanation":"R1B (documentPackageMapping)","omlIRI":["http://imce.jpl.nasa.gov/projects/CAESARPatternsTest/caesarPatternTestPackages/_#concept-f4a1c6d9-3cbe-4df9-b0e9-e4dde9510239"],"omlUUID":"a020cb8f-31b4-51ba-968a-de9f812a3d13","otiID":"_18_0_6_c0402fd_1492119158266_724169_17719","otiURL":"mdel://_18_0_6_c0402fd_1492119158266_724169_17719?projectName=CAESAR+Patterns&elementName=Package+Concept&metaType=Package&elementQName=01_TestPatterns%3A%3A01_Conceptual+Patterns%3A%3A02_Europa-Specific+Conceptual+Patterns%3A%3A02_Concept+Authorization%3A%3AFixed%3A%3AConcept","otiUUID":["f4a1c6d9-3cbe-4df9-b0e9-e4dde9510239"]}
{"explanation":"nestedPackageOrAuthority2TBox(IMCE Ontology Bundles::imce.jpl.nasa.gov::foundation::project::project-bundle::project::project:Authority)","omlIRI":[],"omlUUID":"6d4bc2fe-c132-5f31-9806-033cc3532dc8","otiID":"_18_0_6_c0402fd_1492119158266_724169_17719","otiURL":"mdel://_18_0_6_c0402fd_1492119158266_724169_17719?projectName=CAESAR+Patterns&elementName=Package+Concept&metaType=Package&elementQName=01_TestPatterns%3A%3A01_Conceptual+Patterns%3A%3A02_Europa-Specific+Conceptual+Patterns%3A%3A02_Concept+Authorization%3A%3AFixed%3A%3AConcept","otiUUID":["f4a1c6d9-3cbe-4df9-b0e9-e4dde9510239"]}
{"explanation":"R1B (documentPackageMapping)","omlIRI":[],"omlUUID":"5a15156b-0eb4-5660-a766-c6b50baf84ad","otiID":"_18_0_6_c0402fd_1492119158266_724169_17719","otiURL":"mdel://_18_0_6_c0402fd_1492119158266_724169_17719?projectName=CAESAR+Patterns&elementName=Package+Concept&metaType=Package&elementQName=01_TestPatterns%3A%3A01_Conceptual+Patterns%3A%3A02_Europa-Specific+Conceptual+Patterns%3A%3A02_Concept+Authorization%3A%3AFixed%3A%3AConcept","otiUUID":["f4a1c6d9-3cbe-4df9-b0e9-e4dde9510239"]}
{"explanation":"R1B (documentPackageMapping)","omlIRI":["http://imce.jpl.nasa.gov/projects/CAESARPatternsTest/caesarPatternTestPackages/_#concept-88fd8720-9288-4f4e-93a8-5cab5c1da8a8"],"omlUUID":"27a56302-7229-5154-bead-822d14f12609","otiID":"_18_0_6_c0402fd_1492119158267_329860_17720","otiURL":"mdel://_18_0_6_c0402fd_1492119158267_329860_17720?projectName=CAESAR+Patterns&elementName=Package+WorkPackage&metaType=Package&elementQName=01_TestPatterns%3A%3A01_Conceptual+Patterns%3A%3A02_Europa-Specific+Conceptual+Patterns%3A%3A02_Concept+Authorization%3A%3AFixed%3A%3AWorkPackage","otiUUID":["88fd8720-9288-4f4e-93a8-5cab5c1da8a8"]}
{"explanation":"nestedPackageOrAuthority2TBox(IMCE Ontology Bundles::imce.jpl.nasa.gov::foundation::project::project-bundle::project::project:WorkPackage)","omlIRI":[],"omlUUID":"870b029b-82b9-513a-ad26-44f6f8c95f72","otiID":"_18_0_6_c0402fd_1492119158267_329860_17720","otiURL":"mdel://_18_0_6_c0402fd_1492119158267_329860_17720?projectName=CAESAR+Patterns&elementName=Package+WorkPackage&metaType=Package&elementQName=01_TestPatterns%3A%3A01_Conceptual+Patterns%3A%3A02_Europa-Specific+Conceptual+Patterns%3A%3A02_Concept+Authorization%3A%3AFixed%3A%3AWorkPackage","otiUUID":["88fd8720-9288-4f4e-93a8-5cab5c1da8a8"]}
{"explanation":"R1B (documentPackageMapping)","omlIRI":[],"omlUUID":"c6901fc1-2704-5493-80a1-31878763e3ed","otiID":"_18_0_6_c0402fd_1492119158267_329860_17720","otiURL":"mdel://_18_0_6_c0402fd_1492119158267_329860_17720?projectName=CAESAR+Patterns&elementName=Package+WorkPackage&metaType=Package&elementQName=01_TestPatterns%3A%3A01_Conceptual+Patterns%3A%3A02_Europa-Specific+Conceptual+Patterns%3A%3A02_Concept+Authorization%3A%3AFixed%3A%3AWorkPackage","otiUUID":["88fd8720-9288-4f4e-93a8-5cab5c1da8a8"]}
{"explanation":"R1B (documentPackageMapping)","omlIRI":["http://imce.jpl.nasa.gov/projects/CAESARPatternsTest/caesarPatternTestPackages/_#concept-623eab0a-428d-4ac5-9267-cd96cc309922"],"omlUUID":"a9c59a4a-6c38-54ab-8798-73d0fe9f2b39","otiID":"_18_0_6_c0402fd_1492629495193_121855_18393","otiURL":"mdel://_18_0_6_c0402fd_1492629495193_121855_18393?projectName=CAESAR+Patterns&elementName=Package+Concept&metaType=Package&elementQName=01_TestPatterns%3A%3A01_Conceptual+Patterns%3A%3A02_Europa-Specific+Conceptual+Patterns%3A%3A05_Document+Characterization%3A%3AFixed%3A%3AConcept","otiUUID":["623eab0a-428d-4ac5-9267-cd96cc309922"]}
{"explanation":"nestedPackageOrAuthority2TBox(IMCE Ontology Bundles::imce.jpl.nasa.gov::foundation::project::project-bundle::project::project:Authority)","omlIRI":[],"omlUUID":"aec60d68-f970-5619-bd76-9ccfd7d98198","otiID":"_18_0_6_c0402fd_1492629495193_121855_18393","otiURL":"mdel://_18_0_6_c0402fd_1492629495193_121855_18393?projectName=CAESAR+Patterns&elementName=Package+Concept&metaType=Package&elementQName=01_TestPatterns%3A%3A01_Conceptual+Patterns%3A%3A02_Europa-Specific+Conceptual+Patterns%3A%3A05_Document+Characterization%3A%3AFixed%3A%3AConcept","otiUUID":["623eab0a-428d-4ac5-9267-cd96cc309922"]}
{"explanation":"R1B (documentPackageMapping)","omlIRI":[],"omlUUID":"00a155e8-b853-576b-8046-337fc089f085","otiID":"_18_0_6_c0402fd_1492629495193_121855_18393","otiURL":"mdel://_18_0_6_c0402fd_1492629495193_121855_18393?projectName=CAESAR+Patterns&elementName=Package+Concept&metaType=Package&elementQName=01_TestPatterns%3A%3A01_Conceptual+Patterns%3A%3A02_Europa-Specific+Conceptual+Patterns%3A%3A05_Document+Characterization%3A%3AFixed%3A%3AConcept","otiUUID":["623eab0a-428d-4ac5-9267-cd96cc309922"]}
{"explanation":"namedElement2ConceptMapping","omlIRI":["http://imce.jpl.nasa.gov/projects/CAESARPatternsTest/caesarPatternTestPackages/_#concept-d82409ef-c078-47dc-802f-891a35b3f0c4"],"omlUUID":"1cb79a98-b948-5d66-8b25-0e1156fdb1ba","otiID":"_18_0_6_c0402fd_1491248394842_251195_14656","otiURL":"mdel://_18_0_6_c0402fd_1491248394842_251195_14656?projectName=CAESAR+Patterns&elementName=Class+Component&metaType=Class&elementQName=01_TestPatterns%3A%3A01_Conceptual+Patterns%3A%3A01_IMCE+Conceptual+Patterns%3A%3A01_Component+Performs+Function%3A%3AComponent","otiUUID":["d82409ef-c078-47dc-802f-891a35b3f0c4"]}
{"explanation":"R2.class2concept(IMCE Ontology Bundles::imce.jpl.nasa.gov::foundation::project::project-bundle::mission::mission:Component)","omlIRI":[],"omlUUID":"990335ce-39c8-54f5-a27c-b54ef684afaa","otiID":"_18_0_6_c0402fd_1491248394842_251195_14656","otiURL":"mdel://_18_0_6_c0402fd_1491248394842_251195_14656?projectName=CAESAR+Patterns&elementName=Class+Component&metaType=Class&elementQName=01_TestPatterns%3A%3A01_Conceptual+Patterns%3A%3A01_IMCE+Conceptual+Patterns%3A%3A01_Component+Performs+Function%3A%3AComponent","otiUUID":["d82409ef-c078-47dc-802f-891a35b3f0c4"]}
{"explanation":"namedElement2ConceptMapping","omlIRI":["http://imce.jpl.nasa.gov/projects/CAESARPatternsTest/caesarPatternTestPackages/_#concept-70a3cea9-2839-4c7d-8d92-4ad48b9499ba"],"omlUUID":"12776454-7978-5401-b44d-a3d792baaa42","otiID":"_18_0_6_c0402fd_1491248469505_247892_14746","otiURL":"mdel://_18_0_6_c0402fd_1491248469505_247892_14746?projectName=CAESAR+Patterns&elementName=mission%3AFunction+Function&metaType=Component&elementQName=01_TestPatterns%3A%3A01_Conceptual+Patterns%3A%3A01_IMCE+Conceptual+Patterns%3A%3A01_Component+Performs+Function%3A%3AFunction","otiUUID":["70a3cea9-2839-4c7d-8d92-4ad48b9499ba"]}
{"explanation":"R2.class2concept(IMCE Ontology Bundles::imce.jpl.nasa.gov::foundation::project::project-bundle::mission::mission:Function)","omlIRI":[],"omlUUID":"914503d2-eea3-5a49-a120-97b2d4d91bee","otiID":"_18_0_6_c0402fd_1491248469505_247892_14746","otiURL":"mdel://_18_0_6_c0402fd_1491248469505_247892_14746?projectName=CAESAR+Patterns&elementName=mission%3AFunction+Function&metaType=Component&elementQName=01_TestPatterns%3A%3A01_Conceptual+Patterns%3A%3A01_IMCE+Conceptual+Patterns%3A%3A01_Component+Performs+Function%3A%3AFunction","otiUUID":["70a3cea9-2839-4c7d-8d92-4ad48b9499ba"]}
{"explanation":"namedElement2ConceptMapping","omlIRI":["http://imce.jpl.nasa.gov/projects/CAESARPatternsTest/caesarPatternTestPackages/_#concept-f053fa8c-d218-4d66-ad40-d734069f9f33"],"omlUUID":"6b9de93d-6a87-5a7a-af88-fcc2775e7cc3","otiID":"_18_0_6_c0402fd_1491248925147_138085_14763","otiURL":"mdel://_18_0_6_c0402fd_1491248925147_138085_14763?projectName=CAESAR+Patterns&elementName=Class+Mission&metaType=Class&elementQName=01_TestPatterns%3A%3A01_Conceptual+Patterns%3A%3A01_IMCE+Conceptual+Patterns%3A%3A02_Mission+Performs+Function%3A%3AMission","otiUUID":["f053fa8c-d218-4d66-ad40-d734069f9f33"]}
{"explanation":"R2.class2concept(IMCE Ontology Bundles::imce.jpl.nasa.gov::foundation::project::project-bundle::mission::mission:Mission)","omlIRI":[],"omlUUID":"af1daa09-bf1a-5d90-bdf2-5e6c74a18899","otiID":"_18_0_6_c0402fd_1491248925147_138085_14763","otiURL":"mdel://_18_0_6_c0402fd_1491248925147_138085_14763?projectName=CAESAR+Patterns&elementName=Class+Mission&metaType=Class&elementQName=01_TestPatterns%3A%3A01_Conceptual+Patterns%3A%3A01_IMCE+Conceptual+Patterns%3A%3A02_Mission+Performs+Function%3A%3AMission","otiUUID":["f053fa8c-d218-4d66-ad40-d734069f9f33"]}
{"explanation":"namedElement2ConceptMapping","omlIRI":["http://imce.jpl.nasa.gov/projects/CAESARPatternsTest/caesarPatternTestPackages/_#concept-176826a1-993c-470e-8d78-4179f0a6381a"],"omlUUID":"0dd78da8-6bb9-598e-a05e-605f8c18b29c","otiID":"_18_0_6_c0402fd_1491248925147_996343_14764","otiURL":"mdel://_18_0_6_c0402fd_1491248925147_996343_14764?projectName=CAESAR+Patterns&elementName=mission%3AFunction+Function&metaType=Component&elementQName=01_TestPatterns%3A%3A01_Conceptual+Patterns%3A%3A01_IMCE+Conceptual+Patterns%3A%3A02_Mission+Performs+Function%3A%3AFunction","otiUUID":["176826a1-993c-470e-8d78-4179f0a6381a"]}
{"explanation":"R2.class2concept(IMCE Ontology Bundles::imce.jpl.nasa.gov::foundation::project::project-bundle::mission::mission:Function)","omlIRI":[],"omlUUID":"5446ea1b-6661-5e79-a895-0f64db364047","otiID":"_18_0_6_c0402fd_1491248925147_996343_14764","otiURL":"mdel://_18_0_6_c0402fd_1491248925147_996343_14764?projectName=CAESAR+Patterns&elementName=mission%3AFunction+Function&metaType=Component&elementQName=01_TestPatterns%3A%3A01_Conceptual+Patterns%3A%3A01_IMCE+Conceptual+Patterns%3A%3A02_Mission+Performs+Function%3A%3AFunction","otiUUID":["176826a1-993c-470e-8d78-4179f0a6381a"]}
{"explanation":"namedElement2ConceptMapping","omlIRI":["http://imce.jpl.nasa.gov/projects/CAESARPatternsTest/caesarPatternTestPackages/_#concept-2bb40e29-2688-4cb0-8524-b88f57e8e999"],"omlUUID":"21781112-3c84-544c-abab-37d6e89572e3","otiID":"_18_0_6_c0402fd_1491252598393_330977_16894","otiURL":"mdel://_18_0_6_c0402fd_1491252598393_330977_16894?projectName=CAESAR+Patterns&elementName=caesar%3APerson+TBD&metaType=Class&elementQName=01_TestPatterns%3A%3A01_Conceptual+Patterns%3A%3A02_Europa-Specific+Conceptual+Patterns%3A%3A06_Lead+and+Modeler+Assignment%3A%3AOriginal%3A%3ATBD","otiUUID":["2bb40e29-2688-4cb0-8524-b88f57e8e999"]}
{"explanation":"R2.class2concept(00_ProfileExtensionsAndStereotypes::caesar:Person)","omlIRI":[],"omlUUID":"733db77c-a991-5ab7-9a5f-f8ab6a8773f9","otiID":"_18_0_6_c0402fd_1491252598393_330977_16894","otiURL":"mdel://_18_0_6_c0402fd_1491252598393_330977_16894?projectName=CAESAR+Patterns&elementName=caesar%3APerson+TBD&metaType=Class&elementQName=01_TestPatterns%3A%3A01_Conceptual+Patterns%3A%3A02_Europa-Specific+Conceptual+Patterns%3A%3A06_Lead+and+Modeler+Assignment%3A%3AOriginal%3A%3ATBD","otiUUID":["2bb40e29-2688-4cb0-8524-b88f57e8e999"]}
{"explanation":"namedElement2ConceptMapping","omlIRI":["http://imce.jpl.nasa.gov/projects/CAESARPatternsTest/caesarPatternTestPackages/_#concept-783e27e2-23fb-4fce-bdd3-842259cbc22a"],"omlUUID":"9f2e9fdc-bcd5-5ba0-94ef-1680be7385ac","otiID":"_18_0_6_c0402fd_1493052275172_540607_18613","otiURL":"mdel://_18_0_6_c0402fd_1493052275172_540607_18613?projectName=CAESAR+Patterns&elementName=Component+Component&metaType=Component&elementQName=01_TestPatterns%3A%3A05_Framework+Patterns%3A%3A01_IMCE+Framework+Patterns%3A%3A01_Component+Subcomponent%3A%3AOriginal%3A%3AComponent","otiUUID":["783e27e2-23fb-4fce-bdd3-842259cbc22a"]}
{"explanation":"R2.class2concept(IMCE Ontology Bundles::imce.jpl.nasa.gov::foundation::project::project-bundle::mission::mission:Component)","omlIRI":[],"omlUUID":"d3357cbf-f40f-59dd-ab4b-dfd3610860cb","otiID":"_18_0_6_c0402fd_1493052275172_540607_18613","otiURL":"mdel://_18_0_6_c0402fd_1493052275172_540607_18613?projectName=CAESAR+Patterns&elementName=Component+Component&metaType=Component&elementQName=01_TestPatterns%3A%3A05_Framework+Patterns%3A%3A01_IMCE+Framework+Patterns%3A%3A01_Component+Subcomponent%3A%3AOriginal%3A%3AComponent","otiUUID":["783e27e2-23fb-4fce-bdd3-842259cbc22a"]}
{"explanation":"namedElement2ConceptMapping","omlIRI":["http://imce.jpl.nasa.gov/projects/CAESARPatternsTest/caesarPatternTestPackages/_#concept-869a0401-435d-429e-9a78-33af13961071"],"omlUUID":"e330e658-ee93-59cc-b636-e83f77782a5d","otiID":"_18_0_6_c0402fd_1493052296596_40769_18691","otiURL":"mdel://_18_0_6_c0402fd_1493052296596_40769_18691?projectName=CAESAR+Patterns&elementName=Component+subComponent&metaType=Component&elementQName=01_TestPatterns%3A%3A05_Framework+Patterns%3A%3A01_IMCE+Framework+Patterns%3A%3A01_Component+Subcomponent%3A%3AOriginal%3A%3AsubComponent","otiUUID":["869a0401-435d-429e-9a78-33af13961071"]}
{"explanation":"R2.class2concept(IMCE Ontology Bundles::imce.jpl.nasa.gov::foundation::project::project-bundle::mission::mission:Component)","omlIRI":[],"omlUUID":"fe1ecf36-d3f3-5e6d-b915-7e6833835358","otiID":"_18_0_6_c0402fd_1493052296596_40769_18691","otiURL":"mdel://_18_0_6_c0402fd_1493052296596_40769_18691?projectName=CAESAR+Patterns&elementName=Component+subComponent&metaType=Component&elementQName=01_TestPatterns%3A%3A05_Framework+Patterns%3A%3A01_IMCE+Framework+Patterns%3A%3A01_Component+Subcomponent%3A%3AOriginal%3A%3AsubComponent","otiUUID":["869a0401-435d-429e-9a78-33af13961071"]}
{"explanation":"namedElement2ConceptMapping","omlIRI":["http://imce.jpl.nasa.gov/projects/CAESARPatternsTest/caesarPatternTestPackages/_#concept-a86a9f14-cc29-4d74-9b83-1d0876c963cc"],"omlUUID":"ea613cde-7b79-5228-aed4-4d1474661897","otiID":"_18_0_6_c0402fd_1493052526820_32971_19174","otiURL":"mdel://_18_0_6_c0402fd_1493052526820_32971_19174?projectName=CAESAR+Patterns&elementName=Component+Component3&metaType=Component&elementQName=01_TestPatterns%3A%3A05_Framework+Patterns%3A%3A01_IMCE+Framework+Patterns%3A%3A01_Component+Subcomponent%3A%3AExtended+-+Original%3A%3AComponent3","otiUUID":["a86a9f14-cc29-4d74-9b83-1d0876c963cc"]}
{"explanation":"R2.class2concept(IMCE Ontology Bundles::imce.jpl.nasa.gov::foundation::project::project-bundle::mission::mission:Component)","omlIRI":[],"omlUUID":"d32f2a71-c60e-5163-b01d-8417a45f6c55","otiID":"_18_0_6_c0402fd_1493052526820_32971_19174","otiURL":"mdel://_18_0_6_c0402fd_1493052526820_32971_19174?projectName=CAESAR+Patterns&elementName=Component+Component3&metaType=Component&elementQName=01_TestPatterns%3A%3A05_Framework+Patterns%3A%3A01_IMCE+Framework+Patterns%3A%3A01_Component+Subcomponent%3A%3AExtended+-+Original%3A%3AComponent3","otiUUID":["a86a9f14-cc29-4d74-9b83-1d0876c963cc"]}
{"explanation":"namedElement2ConceptMapping","omlIRI":["http://imce.jpl.nasa.gov/projects/CAESARPatternsTest/caesarPatternTestPackages/_#concept-ff924b35-8363-4966-a47c-1cbe28fb96f4"],"omlUUID":"20b5de5c-ca6a-582c-85ee-2edcf4f15ea3","otiID":"_18_0_6_c0402fd_1493052405911_466946_18829","otiURL":"mdel://_18_0_6_c0402fd_1493052405911_466946_18829?projectName=CAESAR+Patterns&elementName=Component+Component1&metaType=Component&elementQName=01_TestPatterns%3A%3A05_Framework+Patterns%3A%3A01_IMCE+Framework+Patterns%3A%3A01_Component+Subcomponent%3A%3AExtended+-+Original%3A%3AComponent1","otiUUID":["ff924b35-8363-4966-a47c-1cbe28fb96f4"]}
{"explanation":"R2.class2concept(IMCE Ontology Bundles::imce.jpl.nasa.gov::foundation::project::project-bundle::mission::mission:Component)","omlIRI":[],"omlUUID":"ff79de9c-8e88-5ccc-989b-3157f585c0f0","otiID":"_18_0_6_c0402fd_1493052405911_466946_18829","otiURL":"mdel://_18_0_6_c0402fd_1493052405911_466946_18829?projectName=CAESAR+Patterns&elementName=Component+Component1&metaType=Component&elementQName=01_TestPatterns%3A%3A05_Framework+Patterns%3A%3A01_IMCE+Framework+Patterns%3A%3A01_Component+Subcomponent%3A%3AExtended+-+Original%3A%3AComponent1","otiUUID":["ff924b35-8363-4966-a47c-1cbe28fb96f4"]}
{"explanation":"namedElement2ConceptMapping","omlIRI":["http://imce.jpl.nasa.gov/projects/CAESARPatternsTest/caesarPatternTestPackages/_#concept-cd0be714-8b7f-49c4-98de-6a56edb4e043"],"omlUUID":"6bc1be71-0dfe-5de2-a19f-141b71f98441","otiID":"_18_0_6_c0402fd_1493052526677_482073_19110","otiURL":"mdel://_18_0_6_c0402fd_1493052526677_482073_19110?projectName=CAESAR+Patterns&elementName=Component+Component2&metaType=Component&elementQName=01_TestPatterns%3A%3A05_Framework+Patterns%3A%3A01_IMCE+Framework+Patterns%3A%3A01_Component+Subcomponent%3A%3AExtended+-+Original%3A%3AComponent2","otiUUID":["cd0be714-8b7f-49c4-98de-6a56edb4e043"]}
{"explanation":"R2.class2concept(IMCE Ontology Bundles::imce.jpl.nasa.gov::foundation::project::project-bundle::mission::mission:Component)","omlIRI":[],"omlUUID":"d723c9c0-af9c-560d-ab6b-f0165865b659","otiID":"_18_0_6_c0402fd_1493052526677_482073_19110","otiURL":"mdel://_18_0_6_c0402fd_1493052526677_482073_19110?projectName=CAESAR+Patterns&elementName=Component+Component2&metaType=Component&elementQName=01_TestPatterns%3A%3A05_Framework+Patterns%3A%3A01_IMCE+Framework+Patterns%3A%3A01_Component+Subcomponent%3A%3AExtended+-+Original%3A%3AComponent2","otiUUID":["cd0be714-8b7f-49c4-98de-6a56edb4e043"]}
{"explanation":"namedElement2ConceptMapping","omlIRI":["http://imce.jpl.nasa.gov/projects/CAESARPatternsTest/caesarPatternTestPackages/_#concept-befd7d43-27f6-4a55-922b-ebba87949943"],"omlUUID":"d0834c07-f0f7-512b-bcca-20c6ffcdeb83","otiID":"_18_0_6_c0402fd_1493052526767_584286_19142","otiURL":"mdel://_18_0_6_c0402fd_1493052526767_584286_19142?projectName=CAESAR+Patterns&elementName=Component+Component4&metaType=Component&elementQName=01_TestPatterns%3A%3A05_Framework+Patterns%3A%3A01_IMCE+Framework+Patterns%3A%3A01_Component+Subcomponent%3A%3AExtended+-+Original%3A%3AComponent4","otiUUID":["befd7d43-27f6-4a55-922b-ebba87949943"]}
{"explanation":"R2.class2concept(IMCE Ontology Bundles::imce.jpl.nasa.gov::foundation::project::project-bundle::mission::mission:Component)","omlIRI":[],"omlUUID":"56950f67-70e1-5bcd-b03d-28bfe33f0e07","otiID":"_18_0_6_c0402fd_1493052526767_584286_19142","otiURL":"mdel://_18_0_6_c0402fd_1493052526767_584286_19142?projectName=CAESAR+Patterns&elementName=Component+Component4&metaType=Component&elementQName=01_TestPatterns%3A%3A05_Framework+Patterns%3A%3A01_IMCE+Framework+Patterns%3A%3A01_Component+Subcomponent%3A%3AExtended+-+Original%3A%3AComponent4","otiUUID":["befd7d43-27f6-4a55-922b-ebba87949943"]}
{"explanation":"namedElement2ConceptMapping","omlIRI":["http://imce.jpl.nasa.gov/projects/CAESARPatternsTest/caesarPatternTestPackages/_#concept-41f87ed6-ec13-464f-84bb-170011f687ff"],"omlUUID":"d0df946a-cfc6-545e-8e14-15c2e8e3a215","otiID":"_18_0_6_c0402fd_1493053405083_807897_17817","otiURL":"mdel://_18_0_6_c0402fd_1493053405083_807897_17817?projectName=CAESAR+Patterns&elementName=Component+Component2&metaType=Component&elementQName=01_TestPatterns%3A%3A05_Framework+Patterns%3A%3A01_IMCE+Framework+Patterns%3A%3A01_Component+Subcomponent%3A%3AExtended+-+Recommended+Change%3A%3AComponent2","otiUUID":["41f87ed6-ec13-464f-84bb-170011f687ff"]}
{"explanation":"R2.class2concept(IMCE Ontology Bundles::imce.jpl.nasa.gov::foundation::project::project-bundle::mission::mission:Component)","omlIRI":[],"omlUUID":"3d8e664a-43a9-562b-9da8-2d7d9847fd4a","otiID":"_18_0_6_c0402fd_1493053405083_807897_17817","otiURL":"mdel://_18_0_6_c0402fd_1493053405083_807897_17817?projectName=CAESAR+Patterns&elementName=Component+Component2&metaType=Component&elementQName=01_TestPatterns%3A%3A05_Framework+Patterns%3A%3A01_IMCE+Framework+Patterns%3A%3A01_Component+Subcomponent%3A%3AExtended+-+Recommended+Change%3A%3AComponent2","otiUUID":["41f87ed6-ec13-464f-84bb-170011f687ff"]}
{"explanation":"namedElement2ConceptMapping","omlIRI":["http://imce.jpl.nasa.gov/projects/CAESARPatternsTest/caesarPatternTestPackages/_#concept-72692bb1-c28b-46d0-bb16-86d354b4f463"],"omlUUID":"1def948d-1881-5084-b633-3f536e76e69e","otiID":"_18_0_6_c0402fd_1493053551749_334175_17912","otiURL":"mdel://_18_0_6_c0402fd_1493053551749_334175_17912?projectName=CAESAR+Patterns&elementName=Component+Component3&metaType=Component&elementQName=01_TestPatterns%3A%3A05_Framework+Patterns%3A%3A01_IMCE+Framework+Patterns%3A%3A01_Component+Subcomponent%3A%3AExtended+-+Recommended+Change%3A%3AComponent3","otiUUID":["72692bb1-c28b-46d0-bb16-86d354b4f463"]}
{"explanation":"R2.class2concept(IMCE Ontology Bundles::imce.jpl.nasa.gov::foundation::project::project-bundle::mission::mission:Component)","omlIRI":[],"omlUUID":"459b8915-a6fe-50c7-a830-f98c410e4add","otiID":"_18_0_6_c0402fd_1493053551749_334175_17912","otiURL":"mdel://_18_0_6_c0402fd_1493053551749_334175_17912?projectName=CAESAR+Patterns&elementName=Component+Component3&metaType=Component&elementQName=01_TestPatterns%3A%3A05_Framework+Patterns%3A%3A01_IMCE+Framework+Patterns%3A%3A01_Component+Subcomponent%3A%3AExtended+-+Recommended+Change%3A%3AComponent3","otiUUID":["72692bb1-c28b-46d0-bb16-86d354b4f463"]}
{"explanation":"namedElement2ConceptMapping","omlIRI":["http://imce.jpl.nasa.gov/projects/CAESARPatternsTest/caesarPatternTestPackages/_#concept-7414dc04-b494-4f6a-873d-cf48b23cab24"],"omlUUID":"def4ae75-8e7d-5b6f-83ae-2302be84264f","otiID":"_18_0_6_c0402fd_1493053625542_399268_18009","otiURL":"mdel://_18_0_6_c0402fd_1493053625542_399268_18009?projectName=CAESAR+Patterns&elementName=Component+Component32&metaType=Component&elementQName=01_TestPatterns%3A%3A05_Framework+Patterns%3A%3A01_IMCE+Framework+Patterns%3A%3A01_Component+Subcomponent%3A%3AExtended+-+Recommended+Change%3A%3AComponent32","otiUUID":["7414dc04-b494-4f6a-873d-cf48b23cab24"]}
{"explanation":"R2.class2concept(IMCE Ontology Bundles::imce.jpl.nasa.gov::foundation::project::project-bundle::mission::mission:Component)","omlIRI":[],"omlUUID":"2e9a5eeb-74a2-53d6-82de-5d7d53960301","otiID":"_18_0_6_c0402fd_1493053625542_399268_18009","otiURL":"mdel://_18_0_6_c0402fd_1493053625542_399268_18009?projectName=CAESAR+Patterns&elementName=Component+Component32&metaType=Component&elementQName=01_TestPatterns%3A%3A05_Framework+Patterns%3A%3A01_IMCE+Framework+Patterns%3A%3A01_Component+Subcomponent%3A%3AExtended+-+Recommended+Change%3A%3AComponent32","otiUUID":["7414dc04-b494-4f6a-873d-cf48b23cab24"]}
{"explanation":"namedElement2ConceptMapping","omlIRI":["http://imce.jpl.nasa.gov/projects/CAESARPatternsTest/caesarPatternTestPackages/_#concept-56423238-4630-407e-964f-ee13f3af49e9"],"omlUUID":"61bb4fb7-c76f-546f-a21e-af80ba62e8f5","otiID":"_18_0_6_c0402fd_1493053340338_203212_17505","otiURL":"mdel://_18_0_6_c0402fd_1493053340338_203212_17505?projectName=CAESAR+Patterns&elementName=Component+Component31&metaType=Component&elementQName=01_TestPatterns%3A%3A05_Framework+Patterns%3A%3A01_IMCE+Framework+Patterns%3A%3A01_Component+Subcomponent%3A%3AExtended+-+Recommended+Change%3A%3AComponent31","otiUUID":["56423238-4630-407e-964f-ee13f3af49e9"]}
{"explanation":"R2.class2concept(IMCE Ontology Bundles::imce.jpl.nasa.gov::foundation::project::project-bundle::mission::mission:Component)","omlIRI":[],"omlUUID":"e0ab7f71-57f8-5eeb-835f-c66ca154f645","otiID":"_18_0_6_c0402fd_1493053340338_203212_17505","otiURL":"mdel://_18_0_6_c0402fd_1493053340338_203212_17505?projectName=CAESAR+Patterns&elementName=Component+Component31&metaType=Component&elementQName=01_TestPatterns%3A%3A05_Framework+Patterns%3A%3A01_IMCE+Framework+Patterns%3A%3A01_Component+Subcomponent%3A%3AExtended+-+Recommended+Change%3A%3AComponent31","otiUUID":["56423238-4630-407e-964f-ee13f3af49e9"]}
{"explanation":"namedElement2ConceptMapping","omlIRI":["http://imce.jpl.nasa.gov/projects/CAESARPatternsTest/caesarPatternTestPackages/_#concept-0966dffc-a3ca-421e-baad-c2cee16a1c36"],"omlUUID":"bdb89ec1-755d-5308-8993-45927c0bbae5","otiID":"_18_0_6_c0402fd_1493053340330_721666_17498","otiURL":"mdel://_18_0_6_c0402fd_1493053340330_721666_17498?projectName=CAESAR+Patterns&elementName=Component+Component1&metaType=Component&elementQName=01_TestPatterns%3A%3A05_Framework+Patterns%3A%3A01_IMCE+Framework+Patterns%3A%3A01_Component+Subcomponent%3A%3AExtended+-+Recommended+Change%3A%3AComponent1","otiUUID":["0966dffc-a3ca-421e-baad-c2cee16a1c36"]}
{"explanation":"R2.class2concept(IMCE Ontology Bundles::imce.jpl.nasa.gov::foundation::project::project-bundle::mission::mission:Component)","omlIRI":[],"omlUUID":"19e8a56f-7a11-53dd-81e9-a6e876ec47a0","otiID":"_18_0_6_c0402fd_1493053340330_721666_17498","otiURL":"mdel://_18_0_6_c0402fd_1493053340330_721666_17498?projectName=CAESAR+Patterns&elementName=Component+Component1&metaType=Component&elementQName=01_TestPatterns%3A%3A05_Framework+Patterns%3A%3A01_IMCE+Framework+Patterns%3A%3A01_Component+Subcomponent%3A%3AExtended+-+Recommended+Change%3A%3AComponent1","otiUUID":["0966dffc-a3ca-421e-baad-c2cee16a1c36"]}
{"explanation":"namedElement2ConceptMapping","omlIRI":["http://imce.jpl.nasa.gov/projects/CAESARPatternsTest/caesarPatternTestPackages/_#concept-463749ae-13ba-4174-9889-f39a3e018f38"],"omlUUID":"44d210f5-ded5-5224-9fb7-13da67cd3de4","otiID":"_18_0_6_c0402fd_1493053340338_850126_17504","otiURL":"mdel://_18_0_6_c0402fd_1493053340338_850126_17504?projectName=CAESAR+Patterns&elementName=Component+Component4&metaType=Component&elementQName=01_TestPatterns%3A%3A05_Framework+Patterns%3A%3A01_IMCE+Framework+Patterns%3A%3A01_Component+Subcomponent%3A%3AExtended+-+Recommended+Change%3A%3AComponent4","otiUUID":["463749ae-13ba-4174-9889-f39a3e018f38"]}
{"explanation":"R2.class2concept(IMCE Ontology Bundles::imce.jpl.nasa.gov::foundation::project::project-bundle::mission::mission:Component)","omlIRI":[],"omlUUID":"15f92fdb-e970-528c-8016-6cab7483354a","otiID":"_18_0_6_c0402fd_1493053340338_850126_17504","otiURL":"mdel://_18_0_6_c0402fd_1493053340338_850126_17504?projectName=CAESAR+Patterns&elementName=Component+Component4&metaType=Component&elementQName=01_TestPatterns%3A%3A05_Framework+Patterns%3A%3A01_IMCE+Framework+Patterns%3A%3A01_Component+Subcomponent%3A%3AExtended+-+Recommended+Change%3A%3AComponent4","otiUUID":["463749ae-13ba-4174-9889-f39a3e018f38"]}
{"explanation":"namedElement2ConceptMapping","omlIRI":["http://imce.jpl.nasa.gov/projects/CAESARPatternsTest/caesarPatternTestPackages/_#concept-0357d0dd-bc3d-4136-afe6-9d36cf9b8ad5"],"omlUUID":"62b72a55-3e93-51c2-8eae-0b7a418da62d","otiID":"_18_0_6_c0402fd_1493053340337_526775_17503","otiURL":"mdel://_18_0_6_c0402fd_1493053340337_526775_17503?projectName=CAESAR+Patterns&elementName=Component+Component21&metaType=Component&elementQName=01_TestPatterns%3A%3A05_Framework+Patterns%3A%3A01_IMCE+Framework+Patterns%3A%3A01_Component+Subcomponent%3A%3AExtended+-+Recommended+Change%3A%3AComponent21","otiUUID":["0357d0dd-bc3d-4136-afe6-9d36cf9b8ad5"]}
{"explanation":"R2.class2concept(IMCE Ontology Bundles::imce.jpl.nasa.gov::foundation::project::project-bundle::mission::mission:Component)","omlIRI":[],"omlUUID":"27872f89-8027-51fc-a479-e212bf8fc7b4","otiID":"_18_0_6_c0402fd_1493053340337_526775_17503","otiURL":"mdel://_18_0_6_c0402fd_1493053340337_526775_17503?projectName=CAESAR+Patterns&elementName=Component+Component21&metaType=Component&elementQName=01_TestPatterns%3A%3A05_Framework+Patterns%3A%3A01_IMCE+Framework+Patterns%3A%3A01_Component+Subcomponent%3A%3AExtended+-+Recommended+Change%3A%3AComponent21","otiUUID":["0357d0dd-bc3d-4136-afe6-9d36cf9b8ad5"]}
{"explanation":"namedElement2ConceptMapping","omlIRI":["http://imce.jpl.nasa.gov/projects/CAESARPatternsTest/caesarPatternTestPackages/_#concept-4ee01203-a292-4a08-bea5-3494cc7fe99d"],"omlUUID":"6e844ac0-c96e-5c84-8641-69f989e1256c","otiID":"_18_0_6_c0402fd_1493053447411_221372_17847","otiURL":"mdel://_18_0_6_c0402fd_1493053447411_221372_17847?projectName=CAESAR+Patterns&elementName=Component+Component22&metaType=Component&elementQName=01_TestPatterns%3A%3A05_Framework+Patterns%3A%3A01_IMCE+Framework+Patterns%3A%3A01_Component+Subcomponent%3A%3AExtended+-+Recommended+Change%3A%3AComponent22","otiUUID":["4ee01203-a292-4a08-bea5-3494cc7fe99d"]}
{"explanation":"R2.class2concept(IMCE Ontology Bundles::imce.jpl.nasa.gov::foundation::project::project-bundle::mission::mission:Component)","omlIRI":[],"omlUUID":"c32629f7-22c9-54f1-8a7d-452a0e9853c9","otiID":"_18_0_6_c0402fd_1493053447411_221372_17847","otiURL":"mdel://_18_0_6_c0402fd_1493053447411_221372_17847?projectName=CAESAR+Patterns&elementName=Component+Component22&metaType=Component&elementQName=01_TestPatterns%3A%3A05_Framework+Patterns%3A%3A01_IMCE+Framework+Patterns%3A%3A01_Component+Subcomponent%3A%3AExtended+-+Recommended+Change%3A%3AComponent22","otiUUID":["4ee01203-a292-4a08-bea5-3494cc7fe99d"]}
{"explanation":"namedElement2ConceptMapping","omlIRI":["http://imce.jpl.nasa.gov/projects/CAESARPatternsTest/caesarPatternTestPackages/_#concept-41660b35-0af8-4ae9-bf9c-8f9c999cad3e"],"omlUUID":"613bfcdb-dc94-5306-ba02-3b324c8380a0","otiID":"_18_0_6_c0402fd_1491251712532_363347_16163","otiURL":"mdel://_18_0_6_c0402fd_1491251712532_363347_16163?projectName=CAESAR+Patterns&elementName=analysis%3ACharacterization+Document+Characterization&metaType=Component&elementQName=01_TestPatterns%3A%3A01_Conceptual+Patterns%3A%3A02_Europa-Specific+Conceptual+Patterns%3A%3A05_Document+Characterization%3A%3AOriginal%3A%3AConcept%3A%3ADocument+Characterization","otiUUID":["41660b35-0af8-4ae9-bf9c-8f9c999cad3e"]}
{"explanation":"R2.class2concept(IMCE Ontology Bundles::imce.jpl.nasa.gov::foundation::project::project-bundle::analysis::analysis:Characterization)","omlIRI":[],"omlUUID":"e5957957-11ef-5bc6-919b-f92ceca8772b","otiID":"_18_0_6_c0402fd_1491251712532_363347_16163","otiURL":"mdel://_18_0_6_c0402fd_1491251712532_363347_16163?projectName=CAESAR+Patterns&elementName=analysis%3ACharacterization+Document+Characterization&metaType=Component&elementQName=01_TestPatterns%3A%3A01_Conceptual+Patterns%3A%3A02_Europa-Specific+Conceptual+Patterns%3A%3A05_Document+Characterization%3A%3AOriginal%3A%3AConcept%3A%3ADocument+Characterization","otiUUID":["41660b35-0af8-4ae9-bf9c-8f9c999cad3e"]}
{"explanation":"namedElement2ConceptMapping","omlIRI":["http://imce.jpl.nasa.gov/projects/CAESARPatternsTest/caesarPatternTestPackages/_/_01_Conceptual_Patterns/_02_Europa-Specific_Conceptual_Patterns/_05_Document_Characterization/Fixed/Concept#concept-eec1d97c-af87-4cf3-86e7-7dffa66f6a80"],"omlUUID":"0c78adf6-516d-5c60-902f-52f4444e9343","otiID":"_18_0_6_c0402fd_1492629495302_46867_18416","otiURL":"mdel://_18_0_6_c0402fd_1492629495302_46867_18416?projectName=CAESAR+Patterns&elementName=analysis%3ACharacterization+Document+Characterization&metaType=Component&elementQName=01_TestPatterns%3A%3A01_Conceptual+Patterns%3A%3A02_Europa-Specific+Conceptual+Patterns%3A%3A05_Document+Characterization%3A%3AFixed%3A%3AConcept%3A%3ADocument+Characterization","otiUUID":["eec1d97c-af87-4cf3-86e7-7dffa66f6a80"]}
{"explanation":"R2.class2concept(IMCE Ontology Bundles::imce.jpl.nasa.gov::foundation::project::project-bundle::analysis::analysis:Characterization)","omlIRI":[],"omlUUID":"fd02ef62-0598-5236-b7df-8f6f066ba7ca","otiID":"_18_0_6_c0402fd_1492629495302_46867_18416","otiURL":"mdel://_18_0_6_c0402fd_1492629495302_46867_18416?projectName=CAESAR+Patterns&elementName=analysis%3ACharacterization+Document+Characterization&metaType=Component&elementQName=01_TestPatterns%3A%3A01_Conceptual+Patterns%3A%3A02_Europa-Specific+Conceptual+Patterns%3A%3A05_Document+Characterization%3A%3AFixed%3A%3AConcept%3A%3ADocument+Characterization","otiUUID":["eec1d97c-af87-4cf3-86e7-7dffa66f6a80"]}
{"explanation":"namedElement2ConceptMapping","omlIRI":["http://imce.jpl.nasa.gov/projects/CAESARPatternsTest/caesarPatternTestPackages/_#concept-f832a746-cfcc-4d36-8822-04f261ab95e3"],"omlUUID":"6dfdbaf6-63af-5803-8c6d-16677b1c9cce","otiID":"_18_0_6_c0402fd_1491252540341_195051_16844","otiURL":"mdel://_18_0_6_c0402fd_1491252540341_195051_16844?projectName=CAESAR+Patterns&elementName=Actor+Responsible+Engineer&metaType=Actor&elementQName=01_TestPatterns%3A%3A01_Conceptual+Patterns%3A%3A02_Europa-Specific+Conceptual+Patterns%3A%3A06_Lead+and+Modeler+Assignment%3A%3AOriginal%3A%3AConcept%3A%3AResponsible+Engineer","otiUUID":["f832a746-cfcc-4d36-8822-04f261ab95e3"]}
{"explanation":"R2.other2concept(IMCE Ontology Bundles::imce.jpl.nasa.gov::foundation::project::project-bundle::project::project:Role)","omlIRI":[],"omlUUID":"7df0d8dd-ce7c-57a2-a0ca-43bd59a79429","otiID":"_18_0_6_c0402fd_1491252540341_195051_16844","otiURL":"mdel://_18_0_6_c0402fd_1491252540341_195051_16844?projectName=CAESAR+Patterns&elementName=Actor+Responsible+Engineer&metaType=Actor&elementQName=01_TestPatterns%3A%3A01_Conceptual+Patterns%3A%3A02_Europa-Specific+Conceptual+Patterns%3A%3A06_Lead+and+Modeler+Assignment%3A%3AOriginal%3A%3AConcept%3A%3AResponsible+Engineer","otiUUID":["f832a746-cfcc-4d36-8822-04f261ab95e3"]}
{"explanation":"namedElement2ConceptMapping","omlIRI":["http://imce.jpl.nasa.gov/projects/CAESARPatternsTest/caesarPatternTestPackages/_#concept-b8b86d7b-5e8c-4fa3-bb3d-e0e11eaea64e"],"omlUUID":"0c918f0c-59b8-5a5f-8f96-0588bb9b9d67","otiID":"_18_0_6_c0402fd_1491252554719_42301_16866","otiURL":"mdel://_18_0_6_c0402fd_1491252554719_42301_16866?projectName=CAESAR+Patterns&elementName=Actor+Modeler&metaType=Actor&elementQName=01_TestPatterns%3A%3A01_Conceptual+Patterns%3A%3A02_Europa-Specific+Conceptual+Patterns%3A%3A06_Lead+and+Modeler+Assignment%3A%3AOriginal%3A%3AConcept%3A%3AModeler","otiUUID":["b8b86d7b-5e8c-4fa3-bb3d-e0e11eaea64e"]}
{"explanation":"R2.other2concept(IMCE Ontology Bundles::imce.jpl.nasa.gov::foundation::project::project-bundle::project::project:Role)","omlIRI":[],"omlUUID":"46344cae-455d-5e6c-b581-af7528133344","otiID":"_18_0_6_c0402fd_1491252554719_42301_16866","otiURL":"mdel://_18_0_6_c0402fd_1491252554719_42301_16866?projectName=CAESAR+Patterns&elementName=Actor+Modeler&metaType=Actor&elementQName=01_TestPatterns%3A%3A01_Conceptual+Patterns%3A%3A02_Europa-Specific+Conceptual+Patterns%3A%3A06_Lead+and+Modeler+Assignment%3A%3AOriginal%3A%3AConcept%3A%3AModeler","otiUUID":["b8b86d7b-5e8c-4fa3-bb3d-e0e11eaea64e"]}
{"explanation":"namedElement2ConceptMapping","omlIRI":["http://imce.jpl.nasa.gov/projects/CAESARPatternsTest/caesarPatternTestPackages/_#concept-a62631af-9239-47fc-8d97-a6bf0df0b3d9"],"omlUUID":"3532c91a-afc5-52ff-ae62-71d6aa5af97e","otiID":"_18_0_6_c0402fd_1492450754881_898445_17877","otiURL":"mdel://_18_0_6_c0402fd_1492450754881_898445_17877?projectName=CAESAR+Patterns&elementName=Actor+Responsible+Engineer&metaType=Actor&elementQName=01_TestPatterns%3A%3A01_Conceptual+Patterns%3A%3A02_Europa-Specific+Conceptual+Patterns%3A%3A06_Lead+and+Modeler+Assignment%3A%3AFixed%3A%3AConcept%3A%3AResponsible+Engineer","otiUUID":["a62631af-9239-47fc-8d97-a6bf0df0b3d9"]}
{"explanation":"R2.other2concept(IMCE Ontology Bundles::imce.jpl.nasa.gov::foundation::project::project-bundle::project::project:Role)","omlIRI":[],"omlUUID":"4f2414ee-020a-549f-b089-eef3aa34c094","otiID":"_18_0_6_c0402fd_1492450754881_898445_17877","otiURL":"mdel://_18_0_6_c0402fd_1492450754881_898445_17877?projectName=CAESAR+Patterns&elementName=Actor+Responsible+Engineer&metaType=Actor&elementQName=01_TestPatterns%3A%3A01_Conceptual+Patterns%3A%3A02_Europa-Specific+Conceptual+Patterns%3A%3A06_Lead+and+Modeler+Assignment%3A%3AFixed%3A%3AConcept%3A%3AResponsible+Engineer","otiUUID":["a62631af-9239-47fc-8d97-a6bf0df0b3d9"]}
{"explanation":"namedElement2ConceptMapping","omlIRI":["http://imce.jpl.nasa.gov/projects/CAESARPatternsTest/caesarPatternTestPackages/_#concept-cfb5b1dc-7b18-4329-b4b0-2ca3b07bb5c1"],"omlUUID":"79e524c3-f024-5c86-a4b5-9c9fb42bfa6d","otiID":"_18_0_6_c0402fd_1492450754883_390593_17879","otiURL":"mdel://_18_0_6_c0402fd_1492450754883_390593_17879?projectName=CAESAR+Patterns&elementName=Actor+Modeler&metaType=Actor&elementQName=01_TestPatterns%3A%3A01_Conceptual+Patterns%3A%3A02_Europa-Specific+Conceptual+Patterns%3A%3A06_Lead+and+Modeler+Assignment%3A%3AFixed%3A%3AConcept%3A%3AModeler","otiUUID":["cfb5b1dc-7b18-4329-b4b0-2ca3b07bb5c1"]}
{"explanation":"R2.other2concept(IMCE Ontology Bundles::imce.jpl.nasa.gov::foundation::project::project-bundle::project::project:Role)","omlIRI":[],"omlUUID":"97b8b483-2397-591b-a6ea-d45ba4f93da3","otiID":"_18_0_6_c0402fd_1492450754883_390593_17879","otiURL":"mdel://_18_0_6_c0402fd_1492450754883_390593_17879?projectName=CAESAR+Patterns&elementName=Actor+Modeler&metaType=Actor&elementQName=01_TestPatterns%3A%3A01_Conceptual+Patterns%3A%3A02_Europa-Specific+Conceptual+Patterns%3A%3A06_Lead+and+Modeler+Assignment%3A%3AFixed%3A%3AConcept%3A%3AModeler","otiUUID":["cfb5b1dc-7b18-4329-b4b0-2ca3b07bb5c1"]}
{"explanation":"namedElement2ConceptMapping","omlIRI":["http://imce.jpl.nasa.gov/projects/CAESARPatternsTest/caesarPatternTestPackages/_#concept-e752bbef-817a-4e60-bdb5-edcaf0959638"],"omlUUID":"51f0f3dc-ed0d-5059-9ec8-a03670822d5d","otiID":"_18_0_6_c0402fd_1492450754847_895584_17853","otiURL":"mdel://_18_0_6_c0402fd_1492450754847_895584_17853?projectName=CAESAR+Patterns&elementName=caesar%3APerson+TBD&metaType=Class&elementQName=01_TestPatterns%3A%3A01_Conceptual+Patterns%3A%3A02_Europa-Specific+Conceptual+Patterns%3A%3A06_Lead+and+Modeler+Assignment%3A%3AFixed%3A%3AConcept%3A%3ATBD","otiUUID":["e752bbef-817a-4e60-bdb5-edcaf0959638"]}
{"explanation":"R2.class2concept(00_ProfileExtensionsAndStereotypes::caesar:Person)","omlIRI":[],"omlUUID":"8e4f1ed0-a99a-5516-aee7-2d7476bb2b82","otiID":"_18_0_6_c0402fd_1492450754847_895584_17853","otiURL":"mdel://_18_0_6_c0402fd_1492450754847_895584_17853?projectName=CAESAR+Patterns&elementName=caesar%3APerson+TBD&metaType=Class&elementQName=01_TestPatterns%3A%3A01_Conceptual+Patterns%3A%3A02_Europa-Specific+Conceptual+Patterns%3A%3A06_Lead+and+Modeler+Assignment%3A%3AFixed%3A%3AConcept%3A%3ATBD","otiUUID":["e752bbef-817a-4e60-bdb5-edcaf0959638"]}
{"explanation":"R3.sourceDefinitionDependency2RelationshipMapping(IMCE Ontology Bundles::imce.jpl.nasa.gov::foundation::project::project-bundle::project::project:hasRole)","omlIRI":[],"omlUUID":"7b4657da-ae13-5a5a-8f2b-3dafc83bd581","otiID":"_18_0_6_c0402fd_1491252627340_52841_16938","otiURL":"mdel://_18_0_6_c0402fd_1491252627340_52841_16938?projectName=CAESAR+Patterns&elementName=Dependency&metaType=Dependency&elementQName=01_TestPatterns%3A%3A01_Conceptual+Patterns%3A%3A02_Europa-Specific+Conceptual+Patterns%3A%3A06_Lead+and+Modeler+Assignment%3A%3AOriginal%3A%3A","otiUUID":["aa437c48-a78b-40e0-bd80-0b837cdd2a92"]}
{"explanation":"R3.sourceDefinitionDependency2RelationshipMapping(IMCE Ontology Bundles::imce.jpl.nasa.gov::foundation::project::project-bundle::project::project:hasRole)","omlIRI":[],"omlUUID":"c9c66642-6229-5ff6-979e-9c2c92cbc038","otiID":"_18_0_6_c0402fd_1491252629961_576915_16941","otiURL":"mdel://_18_0_6_c0402fd_1491252629961_576915_16941?projectName=CAESAR+Patterns&elementName=Dependency&metaType=Dependency&elementQName=01_TestPatterns%3A%3A01_Conceptual+Patterns%3A%3A02_Europa-Specific+Conceptual+Patterns%3A%3A06_Lead+and+Modeler+Assignment%3A%3AOriginal%3A%3A","otiUUID":["056efeac-17ef-4da9-832c-70d5a26b2d63"]}
{"explanation":"R3.sourceDefinitionDependency2RelationshipMapping(IMCE Ontology Bundles::imce.jpl.nasa.gov::foundation::project::project-bundle::project::project:authorizes)","omlIRI":[],"omlUUID":"daa1f304-62c5-58e1-b932-b56afb3edb2f","otiID":"_18_0_6_c0402fd_1492119159375_910726_17742","otiURL":"mdel://_18_0_6_c0402fd_1492119159375_910726_17742?projectName=CAESAR+Patterns&elementName=Dependency&metaType=Dependency&elementQName=01_TestPatterns%3A%3A01_Conceptual+Patterns%3A%3A02_Europa-Specific+Conceptual+Patterns%3A%3A02_Concept+Authorization%3A%3AFixed%3A%3AWorkPackage%3A%3A","otiUUID":["8303f419-8736-4eed-9b13-5bc84a14a68c"]}
{"explanation":"R3.sourceDefinitionDependency2RelationshipMapping(IMCE Ontology Bundles::imce.jpl.nasa.gov::foundation::project::project-bundle::project::project:hasRole)","omlIRI":[],"omlUUID":"18ec4be5-807b-55e0-bbd9-03e94049bfd4","otiID":"_18_0_6_c0402fd_1492450754853_72342_17855","otiURL":"mdel://_18_0_6_c0402fd_1492450754853_72342_17855?projectName=CAESAR+Patterns&elementName=Dependency&metaType=Dependency&elementQName=01_TestPatterns%3A%3A01_Conceptual+Patterns%3A%3A02_Europa-Specific+Conceptual+Patterns%3A%3A06_Lead+and+Modeler+Assignment%3A%3AFixed%3A%3AConcept%3A%3A","otiUUID":["cedf7ccf-6842-4869-93b7-74150031be7e"]}
{"explanation":"R3.sourceDefinitionDependency2RelationshipMapping(IMCE Ontology Bundles::imce.jpl.nasa.gov::foundation::project::project-bundle::project::project:hasRole)","omlIRI":[],"omlUUID":"86a67565-0c69-5539-937d-a5908a799207","otiID":"_18_0_6_c0402fd_1492450754853_223389_17854","otiURL":"mdel://_18_0_6_c0402fd_1492450754853_223389_17854?projectName=CAESAR+Patterns&elementName=Dependency&metaType=Dependency&elementQName=01_TestPatterns%3A%3A01_Conceptual+Patterns%3A%3A02_Europa-Specific+Conceptual+Patterns%3A%3A06_Lead+and+Modeler+Assignment%3A%3AFixed%3A%3AConcept%3A%3A","otiUUID":["ee0d2ca7-91e0-486a-9131-090a2d827097"]}
{"explanation":"R3.sourceDefinitionDependency2RelationshipMapping(IMCE Ontology Bundles::imce.jpl.nasa.gov::foundation::project::project-bundle::analysis::analysis:characterizes)","omlIRI":[],"omlUUID":"3198d08e-30e1-547c-a268-7e8bf359a580","otiID":"_18_0_6_c0402fd_1492629495308_451210_18418","otiURL":"mdel://_18_0_6_c0402fd_1492629495308_451210_18418?projectName=CAESAR+Patterns&elementName=Dependency&metaType=Dependency&elementQName=01_TestPatterns%3A%3A01_Conceptual+Patterns%3A%3A02_Europa-Specific+Conceptual+Patterns%3A%3A05_Document+Characterization%3A%3AFixed%3A%3AConcept%3A%3ADocument+Characterization%3A%3A","otiUUID":["28940a59-dfc9-4015-a165-253341bb9ca5"]}
{"explanation":"R4.sourceDefinitionCompositeAssociation2RelationshipMapping(IMCE Ontology Bundles::imce.jpl.nasa.gov::foundation::project::project-bundle::mission::mission:performs)","omlIRI":[],"omlUUID":"87fe98c8-fd56-50e7-a921-2f37f45e0533","otiID":"_18_0_6_c0402fd_1491248550304_445261_15742","otiURL":"mdel://_18_0_6_c0402fd_1491248550304_445261_15742?projectName=CAESAR+Patterns&elementName=Association&metaType=Association&elementQName=01_TestPatterns%3A%3A01_Conceptual+Patterns%3A%3A01_IMCE+Conceptual+Patterns%3A%3A01_Component+Performs+Function%3A%3A","otiUUID":["a16791e7-c4e3-43ee-815a-61d07ab830ef"]}
{"explanation":"R4.sourceDefinitionCompositeAssociation2RelationshipMapping(IMCE Ontology Bundles::imce.jpl.nasa.gov::foundation::project::project-bundle::mission::mission:performs)","omlIRI":[],"omlUUID":"c69c8c29-d7bd-5ae6-8216-23c8247fb4c4","otiID":"_18_0_6_c0402fd_1491248925148_220681_14765","otiURL":"mdel://_18_0_6_c0402fd_1491248925148_220681_14765?projectName=CAESAR+Patterns&elementName=Association&metaType=Association&elementQName=01_TestPatterns%3A%3A01_Conceptual+Patterns%3A%3A01_IMCE+Conceptual+Patterns%3A%3A02_Mission+Performs+Function%3A%3A","otiUUID":["b06772e4-d01e-4794-ac88-0ac58ac55374"]}
{"explanation":"R4.sourceDefinitionCompositeAssociation2RelationshipMapping(IMCE Ontology Bundles::imce.jpl.nasa.gov::foundation::project::project-bundle::base::base:contains)","omlIRI":[],"omlUUID":"abf18722-36a9-5973-9e21-1c24f545d489","otiID":"_18_0_6_c0402fd_1493052323584_502419_18728","otiURL":"mdel://_18_0_6_c0402fd_1493052323584_502419_18728?projectName=CAESAR+Patterns&elementName=Association&metaType=Association&elementQName=01_TestPatterns%3A%3A05_Framework+Patterns%3A%3A01_IMCE+Framework+Patterns%3A%3A01_Component+Subcomponent%3A%3AOriginal%3A%3A","otiUUID":["832cf098-2fef-455f-a974-6e4b001dc26d"]}
{"explanation":"R4.sourceDefinitionCompositeAssociation2RelationshipMapping(IMCE Ontology Bundles::imce.jpl.nasa.gov::foundation::project::project-bundle::base::base:contains)","omlIRI":[],"omlUUID":"896e2bb7-13b9-5edd-81c0-42cae2ce20cd","otiID":"_18_0_6_c0402fd_1493052512142_461162_19086","otiURL":"mdel://_18_0_6_c0402fd_1493052512142_461162_19086?projectName=CAESAR+Patterns&elementName=Association&metaType=Association&elementQName=01_TestPatterns%3A%3A05_Framework+Patterns%3A%3A01_IMCE+Framework+Patterns%3A%3A01_Component+Subcomponent%3A%3AExtended+-+Original%3A%3A","otiUUID":["6e6588ed-a6ec-4136-89b0-683ce0c6c5d5"]}
{"explanation":"R4.sourceDefinitionCompositeAssociation2RelationshipMapping(IMCE Ontology Bundles::imce.jpl.nasa.gov::foundation::project::project-bundle::base::base:contains)","omlIRI":[],"omlUUID":"d5bd5e35-0a1e-5396-a662-0c3bee580310","otiID":"_18_0_6_c0402fd_1493052498326_499145_19061","otiURL":"mdel://_18_0_6_c0402fd_1493052498326_499145_19061?projectName=CAESAR+Patterns&elementName=Association&metaType=Association&elementQName=01_TestPatterns%3A%3A05_Framework+Patterns%3A%3A01_IMCE+Framework+Patterns%3A%3A01_Component+Subcomponent%3A%3AExtended+-+Original%3A%3A","otiUUID":["5f5193e2-ef10-4852-a207-9b667131c238"]}
{"explanation":"R4.sourceDefinitionCompositeAssociation2RelationshipMapping(IMCE Ontology Bundles::imce.jpl.nasa.gov::foundation::project::project-bundle::base::base:contains)","omlIRI":[],"omlUUID":"45fe27f8-5dde-5817-ac37-9497b0f10a60","otiID":"_18_0_6_c0402fd_1493052447936_635188_19000","otiURL":"mdel://_18_0_6_c0402fd_1493052447936_635188_19000?projectName=CAESAR+Patterns&elementName=Association&metaType=Association&elementQName=01_TestPatterns%3A%3A05_Framework+Patterns%3A%3A01_IMCE+Framework+Patterns%3A%3A01_Component+Subcomponent%3A%3AExtended+-+Original%3A%3A","otiUUID":["9ab43f50-2a32-485c-80c9-35bdac960c6e"]}
{"explanation":"R4.sourceDefinitionCompositeAssociation2RelationshipMapping(IMCE Ontology Bundles::imce.jpl.nasa.gov::foundation::project::project-bundle::base::base:contains)","omlIRI":[],"omlUUID":"45fe27f8-5dde-5817-ac37-9497b0f10a60","otiID":"_18_0_6_c0402fd_1493052468119_745612_19028","otiURL":"mdel://_18_0_6_c0402fd_1493052468119_745612_19028?projectName=CAESAR+Patterns&elementName=Association&metaType=Association&elementQName=01_TestPatterns%3A%3A05_Framework+Patterns%3A%3A01_IMCE+Framework+Patterns%3A%3A01_Component+Subcomponent%3A%3AExtended+-+Original%3A%3A","otiUUID":["8f9df36e-525d-424d-8dbe-60f17995bb62"]}
{"explanation":"R4.sourceDefinitionCompositeAssociation2RelationshipMapping(IMCE Ontology Bundles::imce.jpl.nasa.gov::foundation::project::project-bundle::base::base:contains)","omlIRI":[],"omlUUID":"42dfb64e-03ef-508c-b9dc-1fd6fd6a49f3","otiID":"_18_0_6_c0402fd_1493053340336_761580_17499","otiURL":"mdel://_18_0_6_c0402fd_1493053340336_761580_17499?projectName=CAESAR+Patterns&elementName=Association&metaType=Association&elementQName=01_TestPatterns%3A%3A05_Framework+Patterns%3A%3A01_IMCE+Framework+Patterns%3A%3A01_Component+Subcomponent%3A%3AExtended+-+Recommended+Change%3A%3A","otiUUID":["568856bc-3dbd-4031-8032-be56ea247d73"]}
{"explanation":"R4.sourceDefinitionCompositeAssociation2RelationshipMapping(IMCE Ontology Bundles::imce.jpl.nasa.gov::foundation::project::project-bundle::base::base:contains)","omlIRI":[],"omlUUID":"16048623-1a61-5029-af9f-565ed12ab3fe","otiID":"_18_0_6_c0402fd_1493053340337_666273_17500","otiURL":"mdel://_18_0_6_c0402fd_1493053340337_666273_17500?projectName=CAESAR+Patterns&elementName=Association&metaType=Association&elementQName=01_TestPatterns%3A%3A05_Framework+Patterns%3A%3A01_IMCE+Framework+Patterns%3A%3A01_Component+Subcomponent%3A%3AExtended+-+Recommended+Change%3A%3A","otiUUID":["b50751bf-86c9-4e9a-ae50-c047ff02ea43"]}
{"explanation":"R4.sourceDefinitionCompositeAssociation2RelationshipMapping(IMCE Ontology Bundles::imce.jpl.nasa.gov::foundation::project::project-bundle::base::base:contains)","omlIRI":[],"omlUUID":"97f75c7e-9db1-5796-8bcd-bc9177a40229","otiID":"_18_0_6_c0402fd_1493053340337_485687_17502","otiURL":"mdel://_18_0_6_c0402fd_1493053340337_485687_17502?projectName=CAESAR+Patterns&elementName=Association&metaType=Association&elementQName=01_TestPatterns%3A%3A05_Framework+Patterns%3A%3A01_IMCE+Framework+Patterns%3A%3A01_Component+Subcomponent%3A%3AExtended+-+Recommended+Change%3A%3A","otiUUID":["be35da82-7ca7-45a1-a1e9-66c5eeebee13"]}
{"explanation":"R4.sourceDefinitionCompositeAssociation2RelationshipMapping(IMCE Ontology Bundles::imce.jpl.nasa.gov::foundation::project::project-bundle::base::base:contains)","omlIRI":[],"omlUUID":"b7b7251f-c125-509b-aaa4-d122919a0cbc","otiID":"_18_0_6_c0402fd_1493053651837_809640_18073","otiURL":"mdel://_18_0_6_c0402fd_1493053651837_809640_18073?projectName=CAESAR+Patterns&elementName=Association&metaType=Association&elementQName=01_TestPatterns%3A%3A05_Framework+Patterns%3A%3A01_IMCE+Framework+Patterns%3A%3A01_Component+Subcomponent%3A%3AExtended+-+Recommended+Change%3A%3A","otiUUID":["ac32720d-f379-4f9b-9e27-29426e88d0ca"]}
{"explanation":"R4.sourceDefinitionCompositeAssociation2RelationshipMapping(IMCE Ontology Bundles::imce.jpl.nasa.gov::foundation::project::project-bundle::base::base:contains)","omlIRI":[],"omlUUID":"51e1f8a0-1558-545f-a52e-b25d85546865","otiID":"_18_0_6_c0402fd_1493053340337_893548_17501","otiURL":"mdel://_18_0_6_c0402fd_1493053340337_893548_17501?projectName=CAESAR+Patterns&elementName=Association&metaType=Association&elementQName=01_TestPatterns%3A%3A05_Framework+Patterns%3A%3A01_IMCE+Framework+Patterns%3A%3A01_Component+Subcomponent%3A%3AExtended+-+Recommended+Change%3A%3A","otiUUID":["a7f0d715-e464-4cb3-8405-b8a0d693e120"]}
