{"explanation":"R1A (documentMapping)","omlIRI":[],"omlUUID":"f739658a-55a7-522b-90f9-7e9b6df973cb","otiID":"_18_0_6_c0402fd_1492630264797_336933_18501","otiURL":"mdel://_18_0_6_c0402fd_1492630264797_336933_18501?projectName=CAESAR+Patterns&elementName=Profile+Application&metaType=ProfileApplication","otiUUID":["c2380b87-8f0c-46e4-8330-25266a2d5dab"]}
{"explanation":"R1A (documentMapping)","omlIRI":[],"omlUUID":"ee1cf1c1-1898-582c-a190-0b1a4b64aac9","otiID":"_18_0_6_c0402fd_1491262395552_893216_17309","otiURL":"mdel://_18_0_6_c0402fd_1491262395552_893216_17309?projectName=CAESAR+Patterns&elementName=Profile+Application&metaType=ProfileApplication","otiUUID":["75306d4c-51e9-40c5-91aa-816432248ba5"]}
{"explanation":"R1A (documentMapping)","omlIRI":[],"omlUUID":"0677d7ac-7316-5cce-a8cf-6bf306a4f76e","otiID":"_18_0_6_c0402fd_1492450941646_427569_18091","otiURL":"mdel://_18_0_6_c0402fd_1492450941646_427569_18091?projectName=CAESAR+Patterns&elementName=Profile+Application&metaType=ProfileApplication","otiUUID":["84e64b57-c452-42cc-b943-fa819cee0cb3"]}
{"explanation":"R1B (documentPackageMapping)","omlIRI":["http://imce.jpl.nasa.gov/projects/EuropaPatternsTest/europaPatternTestPackages/_#concept-3115e157-f1c4-4bfb-905f-cba6e2f05b41"],"omlUUID":"1401f0e1-fa08-5b88-9e86-116c08ec2ad0","otiID":"_18_0_6_c0402fd_1491249499128_793605_15095","otiURL":"mdel://_18_0_6_c0402fd_1491249499128_793605_15095?projectName=CAESAR+Patterns&elementName=Package+WorkPackage&metaType=Package&elementQName=01_TestPatterns%3A%3A01_Conceptual+Patterns%3A%3A02_Europa-Specific+Conceptual+Patterns%3A%3A02_Concept+Authorization%3A%3AOriginal%3A%3AWorkPackage","otiUUID":["3115e157-f1c4-4bfb-905f-cba6e2f05b41"]}
{"explanation":"nestedPackageOrAuthority2TBox(IMCE Ontology Bundles::imce.jpl.nasa.gov::foundation::project::project-bundle::project::project:WorkPackage)","omlIRI":[],"omlUUID":"3cafc5c0-988d-554f-bcf7-889ccf793987","otiID":"_18_0_6_c0402fd_1491249499128_793605_15095","otiURL":"mdel://_18_0_6_c0402fd_1491249499128_793605_15095?projectName=CAESAR+Patterns&elementName=Package+WorkPackage&metaType=Package&elementQName=01_TestPatterns%3A%3A01_Conceptual+Patterns%3A%3A02_Europa-Specific+Conceptual+Patterns%3A%3A02_Concept+Authorization%3A%3AOriginal%3A%3AWorkPackage","otiUUID":["3115e157-f1c4-4bfb-905f-cba6e2f05b41"]}
{"explanation":"R1B (documentPackageMapping)","omlIRI":[],"omlUUID":"34273363-7f78-5433-bd51-15276122e856","otiID":"_18_0_6_c0402fd_1491249499128_793605_15095","otiURL":"mdel://_18_0_6_c0402fd_1491249499128_793605_15095?projectName=CAESAR+Patterns&elementName=Package+WorkPackage&metaType=Package&elementQName=01_TestPatterns%3A%3A01_Conceptual+Patterns%3A%3A02_Europa-Specific+Conceptual+Patterns%3A%3A02_Concept+Authorization%3A%3AOriginal%3A%3AWorkPackage","otiUUID":["3115e157-f1c4-4bfb-905f-cba6e2f05b41"]}
{"explanation":"R1B (documentPackageMapping)","omlIRI":["http://imce.jpl.nasa.gov/projects/EuropaPatternsTest/europaPatternTestPackages/_#concept-f4a1c6d9-3cbe-4df9-b0e9-e4dde9510239"],"omlUUID":"6ea6f12a-c385-5528-8be2-db952e63658d","otiID":"_18_0_6_c0402fd_1492119158266_724169_17719","otiURL":"mdel://_18_0_6_c0402fd_1492119158266_724169_17719?projectName=CAESAR+Patterns&elementName=Package+Concept&metaType=Package&elementQName=01_TestPatterns%3A%3A01_Conceptual+Patterns%3A%3A02_Europa-Specific+Conceptual+Patterns%3A%3A02_Concept+Authorization%3A%3AFixed%3A%3AConcept","otiUUID":["f4a1c6d9-3cbe-4df9-b0e9-e4dde9510239"]}
{"explanation":"nestedPackageOrAuthority2TBox(IMCE Ontology Bundles::imce.jpl.nasa.gov::foundation::project::project-bundle::project::project:Authority)","omlIRI":[],"omlUUID":"dca571bd-5c15-59d1-be2c-171de46142ac","otiID":"_18_0_6_c0402fd_1492119158266_724169_17719","otiURL":"mdel://_18_0_6_c0402fd_1492119158266_724169_17719?projectName=CAESAR+Patterns&elementName=Package+Concept&metaType=Package&elementQName=01_TestPatterns%3A%3A01_Conceptual+Patterns%3A%3A02_Europa-Specific+Conceptual+Patterns%3A%3A02_Concept+Authorization%3A%3AFixed%3A%3AConcept","otiUUID":["f4a1c6d9-3cbe-4df9-b0e9-e4dde9510239"]}
{"explanation":"R1B (documentPackageMapping)","omlIRI":[],"omlUUID":"6ba7b9f2-2e35-586c-8d68-cf52823f1dde","otiID":"_18_0_6_c0402fd_1492119158266_724169_17719","otiURL":"mdel://_18_0_6_c0402fd_1492119158266_724169_17719?projectName=CAESAR+Patterns&elementName=Package+Concept&metaType=Package&elementQName=01_TestPatterns%3A%3A01_Conceptual+Patterns%3A%3A02_Europa-Specific+Conceptual+Patterns%3A%3A02_Concept+Authorization%3A%3AFixed%3A%3AConcept","otiUUID":["f4a1c6d9-3cbe-4df9-b0e9-e4dde9510239"]}
{"explanation":"R1B (documentPackageMapping)","omlIRI":["http://imce.jpl.nasa.gov/projects/EuropaPatternsTest/europaPatternTestPackages/_#concept-88fd8720-9288-4f4e-93a8-5cab5c1da8a8"],"omlUUID":"c4600394-70bf-525f-9f1a-cf75f27bd2a7","otiID":"_18_0_6_c0402fd_1492119158267_329860_17720","otiURL":"mdel://_18_0_6_c0402fd_1492119158267_329860_17720?projectName=CAESAR+Patterns&elementName=Package+WorkPackage&metaType=Package&elementQName=01_TestPatterns%3A%3A01_Conceptual+Patterns%3A%3A02_Europa-Specific+Conceptual+Patterns%3A%3A02_Concept+Authorization%3A%3AFixed%3A%3AWorkPackage","otiUUID":["88fd8720-9288-4f4e-93a8-5cab5c1da8a8"]}
{"explanation":"nestedPackageOrAuthority2TBox(IMCE Ontology Bundles::imce.jpl.nasa.gov::foundation::project::project-bundle::project::project:WorkPackage)","omlIRI":[],"omlUUID":"b72fd519-2784-50f0-87f9-243bf3007187","otiID":"_18_0_6_c0402fd_1492119158267_329860_17720","otiURL":"mdel://_18_0_6_c0402fd_1492119158267_329860_17720?projectName=CAESAR+Patterns&elementName=Package+WorkPackage&metaType=Package&elementQName=01_TestPatterns%3A%3A01_Conceptual+Patterns%3A%3A02_Europa-Specific+Conceptual+Patterns%3A%3A02_Concept+Authorization%3A%3AFixed%3A%3AWorkPackage","otiUUID":["88fd8720-9288-4f4e-93a8-5cab5c1da8a8"]}
{"explanation":"R1B (documentPackageMapping)","omlIRI":[],"omlUUID":"d86afe03-75bb-5e4a-abed-810e4c6fe00e","otiID":"_18_0_6_c0402fd_1492119158267_329860_17720","otiURL":"mdel://_18_0_6_c0402fd_1492119158267_329860_17720?projectName=CAESAR+Patterns&elementName=Package+WorkPackage&metaType=Package&elementQName=01_TestPatterns%3A%3A01_Conceptual+Patterns%3A%3A02_Europa-Specific+Conceptual+Patterns%3A%3A02_Concept+Authorization%3A%3AFixed%3A%3AWorkPackage","otiUUID":["88fd8720-9288-4f4e-93a8-5cab5c1da8a8"]}
{"explanation":"R1B (documentPackageMapping)","omlIRI":["http://imce.jpl.nasa.gov/projects/EuropaPatternsTest/europaPatternTestPackages/_#concept-623eab0a-428d-4ac5-9267-cd96cc309922"],"omlUUID":"a9a58410-b5d1-5f9d-81eb-beece8ac8694","otiID":"_18_0_6_c0402fd_1492629495193_121855_18393","otiURL":"mdel://_18_0_6_c0402fd_1492629495193_121855_18393?projectName=CAESAR+Patterns&elementName=Package+Concept&metaType=Package&elementQName=01_TestPatterns%3A%3A01_Conceptual+Patterns%3A%3A02_Europa-Specific+Conceptual+Patterns%3A%3A05_Document+Characterization%3A%3AFixed%3A%3AConcept","otiUUID":["623eab0a-428d-4ac5-9267-cd96cc309922"]}
{"explanation":"nestedPackageOrAuthority2TBox(IMCE Ontology Bundles::imce.jpl.nasa.gov::foundation::project::project-bundle::project::project:Authority)","omlIRI":[],"omlUUID":"a83c9aef-29d5-586c-aebb-324a33a52d7c","otiID":"_18_0_6_c0402fd_1492629495193_121855_18393","otiURL":"mdel://_18_0_6_c0402fd_1492629495193_121855_18393?projectName=CAESAR+Patterns&elementName=Package+Concept&metaType=Package&elementQName=01_TestPatterns%3A%3A01_Conceptual+Patterns%3A%3A02_Europa-Specific+Conceptual+Patterns%3A%3A05_Document+Characterization%3A%3AFixed%3A%3AConcept","otiUUID":["623eab0a-428d-4ac5-9267-cd96cc309922"]}
{"explanation":"R1B (documentPackageMapping)","omlIRI":[],"omlUUID":"a9e23de5-56df-5bf7-b827-67c490ee3601","otiID":"_18_0_6_c0402fd_1492629495193_121855_18393","otiURL":"mdel://_18_0_6_c0402fd_1492629495193_121855_18393?projectName=CAESAR+Patterns&elementName=Package+Concept&metaType=Package&elementQName=01_TestPatterns%3A%3A01_Conceptual+Patterns%3A%3A02_Europa-Specific+Conceptual+Patterns%3A%3A05_Document+Characterization%3A%3AFixed%3A%3AConcept","otiUUID":["623eab0a-428d-4ac5-9267-cd96cc309922"]}
{"explanation":"namedElement2ConceptMapping","omlIRI":["http://imce.jpl.nasa.gov/projects/EuropaPatternsTest/europaPatternTestPackages/_#concept-d82409ef-c078-47dc-802f-891a35b3f0c4"],"omlUUID":"a06c7abb-d878-5ee3-9063-0c9eac1f4d50","otiID":"_18_0_6_c0402fd_1491248394842_251195_14656","otiURL":"mdel://_18_0_6_c0402fd_1491248394842_251195_14656?projectName=CAESAR+Patterns&elementName=Class+Component&metaType=Class&elementQName=01_TestPatterns%3A%3A01_Conceptual+Patterns%3A%3A01_IMCE+Conceptual+Patterns%3A%3A01_Component+Performs+Function%3A%3AComponent","otiUUID":["d82409ef-c078-47dc-802f-891a35b3f0c4"]}
{"explanation":"R2.class2concept(IMCE Ontology Bundles::imce.jpl.nasa.gov::foundation::project::project-bundle::mission::mission:Component)","omlIRI":[],"omlUUID":"ba5dd613-7649-58a3-a2e0-22378e88739f","otiID":"_18_0_6_c0402fd_1491248394842_251195_14656","otiURL":"mdel://_18_0_6_c0402fd_1491248394842_251195_14656?projectName=CAESAR+Patterns&elementName=Class+Component&metaType=Class&elementQName=01_TestPatterns%3A%3A01_Conceptual+Patterns%3A%3A01_IMCE+Conceptual+Patterns%3A%3A01_Component+Performs+Function%3A%3AComponent","otiUUID":["d82409ef-c078-47dc-802f-891a35b3f0c4"]}
{"explanation":"namedElement2ConceptMapping","omlIRI":["http://imce.jpl.nasa.gov/projects/EuropaPatternsTest/europaPatternTestPackages/_#concept-70a3cea9-2839-4c7d-8d92-4ad48b9499ba"],"omlUUID":"c0ee215f-365d-5da4-bfb2-842d8ae1eca4","otiID":"_18_0_6_c0402fd_1491248469505_247892_14746","otiURL":"mdel://_18_0_6_c0402fd_1491248469505_247892_14746?projectName=CAESAR+Patterns&elementName=mission%3AFunction+Function&metaType=Component&elementQName=01_TestPatterns%3A%3A01_Conceptual+Patterns%3A%3A01_IMCE+Conceptual+Patterns%3A%3A01_Component+Performs+Function%3A%3AFunction","otiUUID":["70a3cea9-2839-4c7d-8d92-4ad48b9499ba"]}
{"explanation":"R2.class2concept(IMCE Ontology Bundles::imce.jpl.nasa.gov::foundation::project::project-bundle::mission::mission:Function)","omlIRI":[],"omlUUID":"f0e5728a-978e-57b1-a1f7-f506e6b3ba83","otiID":"_18_0_6_c0402fd_1491248469505_247892_14746","otiURL":"mdel://_18_0_6_c0402fd_1491248469505_247892_14746?projectName=CAESAR+Patterns&elementName=mission%3AFunction+Function&metaType=Component&elementQName=01_TestPatterns%3A%3A01_Conceptual+Patterns%3A%3A01_IMCE+Conceptual+Patterns%3A%3A01_Component+Performs+Function%3A%3AFunction","otiUUID":["70a3cea9-2839-4c7d-8d92-4ad48b9499ba"]}
{"explanation":"namedElement2ConceptMapping","omlIRI":["http://imce.jpl.nasa.gov/projects/EuropaPatternsTest/europaPatternTestPackages/_#concept-f053fa8c-d218-4d66-ad40-d734069f9f33"],"omlUUID":"6dc21111-f7bd-588d-9c7a-cc9371ed8b94","otiID":"_18_0_6_c0402fd_1491248925147_138085_14763","otiURL":"mdel://_18_0_6_c0402fd_1491248925147_138085_14763?projectName=CAESAR+Patterns&elementName=Class+Mission&metaType=Class&elementQName=01_TestPatterns%3A%3A01_Conceptual+Patterns%3A%3A01_IMCE+Conceptual+Patterns%3A%3A02_Mission+Performs+Function%3A%3AMission","otiUUID":["f053fa8c-d218-4d66-ad40-d734069f9f33"]}
{"explanation":"R2.class2concept(IMCE Ontology Bundles::imce.jpl.nasa.gov::foundation::project::project-bundle::mission::mission:Mission)","omlIRI":[],"omlUUID":"14a2e665-1dbc-5030-9b19-34ac26861409","otiID":"_18_0_6_c0402fd_1491248925147_138085_14763","otiURL":"mdel://_18_0_6_c0402fd_1491248925147_138085_14763?projectName=CAESAR+Patterns&elementName=Class+Mission&metaType=Class&elementQName=01_TestPatterns%3A%3A01_Conceptual+Patterns%3A%3A01_IMCE+Conceptual+Patterns%3A%3A02_Mission+Performs+Function%3A%3AMission","otiUUID":["f053fa8c-d218-4d66-ad40-d734069f9f33"]}
{"explanation":"namedElement2ConceptMapping","omlIRI":["http://imce.jpl.nasa.gov/projects/EuropaPatternsTest/europaPatternTestPackages/_#concept-176826a1-993c-470e-8d78-4179f0a6381a"],"omlUUID":"dea861b2-492b-5a3b-ac89-9ed2bb16b470","otiID":"_18_0_6_c0402fd_1491248925147_996343_14764","otiURL":"mdel://_18_0_6_c0402fd_1491248925147_996343_14764?projectName=CAESAR+Patterns&elementName=mission%3AFunction+Function&metaType=Component&elementQName=01_TestPatterns%3A%3A01_Conceptual+Patterns%3A%3A01_IMCE+Conceptual+Patterns%3A%3A02_Mission+Performs+Function%3A%3AFunction","otiUUID":["176826a1-993c-470e-8d78-4179f0a6381a"]}
{"explanation":"R2.class2concept(IMCE Ontology Bundles::imce.jpl.nasa.gov::foundation::project::project-bundle::mission::mission:Function)","omlIRI":[],"omlUUID":"f5f11f3f-f356-58e9-a1f9-bc81afb91073","otiID":"_18_0_6_c0402fd_1491248925147_996343_14764","otiURL":"mdel://_18_0_6_c0402fd_1491248925147_996343_14764?projectName=CAESAR+Patterns&elementName=mission%3AFunction+Function&metaType=Component&elementQName=01_TestPatterns%3A%3A01_Conceptual+Patterns%3A%3A01_IMCE+Conceptual+Patterns%3A%3A02_Mission+Performs+Function%3A%3AFunction","otiUUID":["176826a1-993c-470e-8d78-4179f0a6381a"]}
{"explanation":"namedElement2ConceptMapping","omlIRI":["http://imce.jpl.nasa.gov/projects/EuropaPatternsTest/europaPatternTestPackages/_#concept-2bb40e29-2688-4cb0-8524-b88f57e8e999"],"omlUUID":"d0eed8b5-39d2-5493-ab50-868dcd9f740f","otiID":"_18_0_6_c0402fd_1491252598393_330977_16894","otiURL":"mdel://_18_0_6_c0402fd_1491252598393_330977_16894?projectName=CAESAR+Patterns&elementName=caesar%3APerson+TBD&metaType=Class&elementQName=01_TestPatterns%3A%3A01_Conceptual+Patterns%3A%3A02_Europa-Specific+Conceptual+Patterns%3A%3A06_Lead+and+Modeler+Assignment%3A%3AOriginal%3A%3ATBD","otiUUID":["2bb40e29-2688-4cb0-8524-b88f57e8e999"]}
{"explanation":"R2.class2concept(00_ProfileExtensionsAndStereotypes::caesar:Person)","omlIRI":[],"omlUUID":"1388244b-5fe6-55f4-a850-7bf387ca6e4a","otiID":"_18_0_6_c0402fd_1491252598393_330977_16894","otiURL":"mdel://_18_0_6_c0402fd_1491252598393_330977_16894?projectName=CAESAR+Patterns&elementName=caesar%3APerson+TBD&metaType=Class&elementQName=01_TestPatterns%3A%3A01_Conceptual+Patterns%3A%3A02_Europa-Specific+Conceptual+Patterns%3A%3A06_Lead+and+Modeler+Assignment%3A%3AOriginal%3A%3ATBD","otiUUID":["2bb40e29-2688-4cb0-8524-b88f57e8e999"]}
{"explanation":"namedElement2ConceptMapping","omlIRI":["http://imce.jpl.nasa.gov/projects/EuropaPatternsTest/europaPatternTestPackages/_#concept-783e27e2-23fb-4fce-bdd3-842259cbc22a"],"omlUUID":"5547c1c9-83b5-57c2-bf6b-7e969ba59702","otiID":"_18_0_6_c0402fd_1493052275172_540607_18613","otiURL":"mdel://_18_0_6_c0402fd_1493052275172_540607_18613?projectName=CAESAR+Patterns&elementName=Component+Component&metaType=Component&elementQName=01_TestPatterns%3A%3A05_Framework+Patterns%3A%3A01_IMCE+Framework+Patterns%3A%3A01_Component+Subcomponent%3A%3AOriginal%3A%3AComponent","otiUUID":["783e27e2-23fb-4fce-bdd3-842259cbc22a"]}
{"explanation":"R2.class2concept(IMCE Ontology Bundles::imce.jpl.nasa.gov::foundation::project::project-bundle::mission::mission:Component)","omlIRI":[],"omlUUID":"87f2273c-8162-59a6-9222-26a894071d6a","otiID":"_18_0_6_c0402fd_1493052275172_540607_18613","otiURL":"mdel://_18_0_6_c0402fd_1493052275172_540607_18613?projectName=CAESAR+Patterns&elementName=Component+Component&metaType=Component&elementQName=01_TestPatterns%3A%3A05_Framework+Patterns%3A%3A01_IMCE+Framework+Patterns%3A%3A01_Component+Subcomponent%3A%3AOriginal%3A%3AComponent","otiUUID":["783e27e2-23fb-4fce-bdd3-842259cbc22a"]}
{"explanation":"namedElement2ConceptMapping","omlIRI":["http://imce.jpl.nasa.gov/projects/EuropaPatternsTest/europaPatternTestPackages/_#concept-869a0401-435d-429e-9a78-33af13961071"],"omlUUID":"621185c2-45c3-51bd-8161-2abc563a79ae","otiID":"_18_0_6_c0402fd_1493052296596_40769_18691","otiURL":"mdel://_18_0_6_c0402fd_1493052296596_40769_18691?projectName=CAESAR+Patterns&elementName=Component+subComponent&metaType=Component&elementQName=01_TestPatterns%3A%3A05_Framework+Patterns%3A%3A01_IMCE+Framework+Patterns%3A%3A01_Component+Subcomponent%3A%3AOriginal%3A%3AsubComponent","otiUUID":["869a0401-435d-429e-9a78-33af13961071"]}
{"explanation":"R2.class2concept(IMCE Ontology Bundles::imce.jpl.nasa.gov::foundation::project::project-bundle::mission::mission:Component)","omlIRI":[],"omlUUID":"bdc9df04-d602-51ed-837f-58be96a56d59","otiID":"_18_0_6_c0402fd_1493052296596_40769_18691","otiURL":"mdel://_18_0_6_c0402fd_1493052296596_40769_18691?projectName=CAESAR+Patterns&elementName=Component+subComponent&metaType=Component&elementQName=01_TestPatterns%3A%3A05_Framework+Patterns%3A%3A01_IMCE+Framework+Patterns%3A%3A01_Component+Subcomponent%3A%3AOriginal%3A%3AsubComponent","otiUUID":["869a0401-435d-429e-9a78-33af13961071"]}
{"explanation":"namedElement2ConceptMapping","omlIRI":["http://imce.jpl.nasa.gov/projects/EuropaPatternsTest/europaPatternTestPackages/_#concept-befd7d43-27f6-4a55-922b-ebba87949943"],"omlUUID":"985c3986-aacf-57a0-b21d-4a9e3c70d0dc","otiID":"_18_0_6_c0402fd_1493052526767_584286_19142","otiURL":"mdel://_18_0_6_c0402fd_1493052526767_584286_19142?projectName=CAESAR+Patterns&elementName=Component+Component4&metaType=Component&elementQName=01_TestPatterns%3A%3A05_Framework+Patterns%3A%3A01_IMCE+Framework+Patterns%3A%3A01_Component+Subcomponent%3A%3AExtended+-+Original%3A%3AComponent4","otiUUID":["befd7d43-27f6-4a55-922b-ebba87949943"]}
{"explanation":"R2.class2concept(IMCE Ontology Bundles::imce.jpl.nasa.gov::foundation::project::project-bundle::mission::mission:Component)","omlIRI":[],"omlUUID":"7867c49b-7d19-5a21-9a29-f8b5bab10751","otiID":"_18_0_6_c0402fd_1493052526767_584286_19142","otiURL":"mdel://_18_0_6_c0402fd_1493052526767_584286_19142?projectName=CAESAR+Patterns&elementName=Component+Component4&metaType=Component&elementQName=01_TestPatterns%3A%3A05_Framework+Patterns%3A%3A01_IMCE+Framework+Patterns%3A%3A01_Component+Subcomponent%3A%3AExtended+-+Original%3A%3AComponent4","otiUUID":["befd7d43-27f6-4a55-922b-ebba87949943"]}
{"explanation":"namedElement2ConceptMapping","omlIRI":["http://imce.jpl.nasa.gov/projects/EuropaPatternsTest/europaPatternTestPackages/_#concept-a86a9f14-cc29-4d74-9b83-1d0876c963cc"],"omlUUID":"a7e2d23a-b047-57ef-b635-6815f8dca423","otiID":"_18_0_6_c0402fd_1493052526820_32971_19174","otiURL":"mdel://_18_0_6_c0402fd_1493052526820_32971_19174?projectName=CAESAR+Patterns&elementName=Component+Component3&metaType=Component&elementQName=01_TestPatterns%3A%3A05_Framework+Patterns%3A%3A01_IMCE+Framework+Patterns%3A%3A01_Component+Subcomponent%3A%3AExtended+-+Original%3A%3AComponent3","otiUUID":["a86a9f14-cc29-4d74-9b83-1d0876c963cc"]}
{"explanation":"R2.class2concept(IMCE Ontology Bundles::imce.jpl.nasa.gov::foundation::project::project-bundle::mission::mission:Component)","omlIRI":[],"omlUUID":"abee40fb-8929-527c-ba5d-d1a7ddc29327","otiID":"_18_0_6_c0402fd_1493052526820_32971_19174","otiURL":"mdel://_18_0_6_c0402fd_1493052526820_32971_19174?projectName=CAESAR+Patterns&elementName=Component+Component3&metaType=Component&elementQName=01_TestPatterns%3A%3A05_Framework+Patterns%3A%3A01_IMCE+Framework+Patterns%3A%3A01_Component+Subcomponent%3A%3AExtended+-+Original%3A%3AComponent3","otiUUID":["a86a9f14-cc29-4d74-9b83-1d0876c963cc"]}
{"explanation":"namedElement2ConceptMapping","omlIRI":["http://imce.jpl.nasa.gov/projects/EuropaPatternsTest/europaPatternTestPackages/_#concept-cd0be714-8b7f-49c4-98de-6a56edb4e043"],"omlUUID":"f574b130-3522-5b4e-9d1b-4836e835fec8","otiID":"_18_0_6_c0402fd_1493052526677_482073_19110","otiURL":"mdel://_18_0_6_c0402fd_1493052526677_482073_19110?projectName=CAESAR+Patterns&elementName=Component+Component2&metaType=Component&elementQName=01_TestPatterns%3A%3A05_Framework+Patterns%3A%3A01_IMCE+Framework+Patterns%3A%3A01_Component+Subcomponent%3A%3AExtended+-+Original%3A%3AComponent2","otiUUID":["cd0be714-8b7f-49c4-98de-6a56edb4e043"]}
{"explanation":"R2.class2concept(IMCE Ontology Bundles::imce.jpl.nasa.gov::foundation::project::project-bundle::mission::mission:Component)","omlIRI":[],"omlUUID":"d66c3342-ba07-5806-af88-6f12d86c9c2d","otiID":"_18_0_6_c0402fd_1493052526677_482073_19110","otiURL":"mdel://_18_0_6_c0402fd_1493052526677_482073_19110?projectName=CAESAR+Patterns&elementName=Component+Component2&metaType=Component&elementQName=01_TestPatterns%3A%3A05_Framework+Patterns%3A%3A01_IMCE+Framework+Patterns%3A%3A01_Component+Subcomponent%3A%3AExtended+-+Original%3A%3AComponent2","otiUUID":["cd0be714-8b7f-49c4-98de-6a56edb4e043"]}
{"explanation":"namedElement2ConceptMapping","omlIRI":["http://imce.jpl.nasa.gov/projects/EuropaPatternsTest/europaPatternTestPackages/_#concept-ff924b35-8363-4966-a47c-1cbe28fb96f4"],"omlUUID":"5c6b5d5f-2075-59a6-884a-03e1061fd5b2","otiID":"_18_0_6_c0402fd_1493052405911_466946_18829","otiURL":"mdel://_18_0_6_c0402fd_1493052405911_466946_18829?projectName=CAESAR+Patterns&elementName=Component+Component1&metaType=Component&elementQName=01_TestPatterns%3A%3A05_Framework+Patterns%3A%3A01_IMCE+Framework+Patterns%3A%3A01_Component+Subcomponent%3A%3AExtended+-+Original%3A%3AComponent1","otiUUID":["ff924b35-8363-4966-a47c-1cbe28fb96f4"]}
{"explanation":"R2.class2concept(IMCE Ontology Bundles::imce.jpl.nasa.gov::foundation::project::project-bundle::mission::mission:Component)","omlIRI":[],"omlUUID":"32647fd4-ec1a-5ce6-9214-3561c7348a57","otiID":"_18_0_6_c0402fd_1493052405911_466946_18829","otiURL":"mdel://_18_0_6_c0402fd_1493052405911_466946_18829?projectName=CAESAR+Patterns&elementName=Component+Component1&metaType=Component&elementQName=01_TestPatterns%3A%3A05_Framework+Patterns%3A%3A01_IMCE+Framework+Patterns%3A%3A01_Component+Subcomponent%3A%3AExtended+-+Original%3A%3AComponent1","otiUUID":["ff924b35-8363-4966-a47c-1cbe28fb96f4"]}
{"explanation":"namedElement2ConceptMapping","omlIRI":["http://imce.jpl.nasa.gov/projects/EuropaPatternsTest/europaPatternTestPackages/_#concept-7414dc04-b494-4f6a-873d-cf48b23cab24"],"omlUUID":"0b6ac5be-696a-5d8d-ab25-bde3ebc7fecf","otiID":"_18_0_6_c0402fd_1493053625542_399268_18009","otiURL":"mdel://_18_0_6_c0402fd_1493053625542_399268_18009?projectName=CAESAR+Patterns&elementName=Component+Component32&metaType=Component&elementQName=01_TestPatterns%3A%3A05_Framework+Patterns%3A%3A01_IMCE+Framework+Patterns%3A%3A01_Component+Subcomponent%3A%3AExtended+-+Recommended+Change%3A%3AComponent32","otiUUID":["7414dc04-b494-4f6a-873d-cf48b23cab24"]}
{"explanation":"R2.class2concept(IMCE Ontology Bundles::imce.jpl.nasa.gov::foundation::project::project-bundle::mission::mission:Component)","omlIRI":[],"omlUUID":"37e16410-d4a4-5322-8331-1d92b938e6df","otiID":"_18_0_6_c0402fd_1493053625542_399268_18009","otiURL":"mdel://_18_0_6_c0402fd_1493053625542_399268_18009?projectName=CAESAR+Patterns&elementName=Component+Component32&metaType=Component&elementQName=01_TestPatterns%3A%3A05_Framework+Patterns%3A%3A01_IMCE+Framework+Patterns%3A%3A01_Component+Subcomponent%3A%3AExtended+-+Recommended+Change%3A%3AComponent32","otiUUID":["7414dc04-b494-4f6a-873d-cf48b23cab24"]}
{"explanation":"namedElement2ConceptMapping","omlIRI":["http://imce.jpl.nasa.gov/projects/EuropaPatternsTest/europaPatternTestPackages/_#concept-4ee01203-a292-4a08-bea5-3494cc7fe99d"],"omlUUID":"96615d6d-97b9-582f-8de5-d8f2c12bacfd","otiID":"_18_0_6_c0402fd_1493053447411_221372_17847","otiURL":"mdel://_18_0_6_c0402fd_1493053447411_221372_17847?projectName=CAESAR+Patterns&elementName=Component+Component22&metaType=Component&elementQName=01_TestPatterns%3A%3A05_Framework+Patterns%3A%3A01_IMCE+Framework+Patterns%3A%3A01_Component+Subcomponent%3A%3AExtended+-+Recommended+Change%3A%3AComponent22","otiUUID":["4ee01203-a292-4a08-bea5-3494cc7fe99d"]}
{"explanation":"R2.class2concept(IMCE Ontology Bundles::imce.jpl.nasa.gov::foundation::project::project-bundle::mission::mission:Component)","omlIRI":[],"omlUUID":"92934dc7-006b-55e3-bb99-9a29a94730fd","otiID":"_18_0_6_c0402fd_1493053447411_221372_17847","otiURL":"mdel://_18_0_6_c0402fd_1493053447411_221372_17847?projectName=CAESAR+Patterns&elementName=Component+Component22&metaType=Component&elementQName=01_TestPatterns%3A%3A05_Framework+Patterns%3A%3A01_IMCE+Framework+Patterns%3A%3A01_Component+Subcomponent%3A%3AExtended+-+Recommended+Change%3A%3AComponent22","otiUUID":["4ee01203-a292-4a08-bea5-3494cc7fe99d"]}
{"explanation":"namedElement2ConceptMapping","omlIRI":["http://imce.jpl.nasa.gov/projects/EuropaPatternsTest/europaPatternTestPackages/_#concept-72692bb1-c28b-46d0-bb16-86d354b4f463"],"omlUUID":"2a32d5ea-0453-592f-a9ab-78c2122a1545","otiID":"_18_0_6_c0402fd_1493053551749_334175_17912","otiURL":"mdel://_18_0_6_c0402fd_1493053551749_334175_17912?projectName=CAESAR+Patterns&elementName=Component+Component3&metaType=Component&elementQName=01_TestPatterns%3A%3A05_Framework+Patterns%3A%3A01_IMCE+Framework+Patterns%3A%3A01_Component+Subcomponent%3A%3AExtended+-+Recommended+Change%3A%3AComponent3","otiUUID":["72692bb1-c28b-46d0-bb16-86d354b4f463"]}
{"explanation":"R2.class2concept(IMCE Ontology Bundles::imce.jpl.nasa.gov::foundation::project::project-bundle::mission::mission:Component)","omlIRI":[],"omlUUID":"75175e3b-2be9-5aae-b70f-be30258f2c7c","otiID":"_18_0_6_c0402fd_1493053551749_334175_17912","otiURL":"mdel://_18_0_6_c0402fd_1493053551749_334175_17912?projectName=CAESAR+Patterns&elementName=Component+Component3&metaType=Component&elementQName=01_TestPatterns%3A%3A05_Framework+Patterns%3A%3A01_IMCE+Framework+Patterns%3A%3A01_Component+Subcomponent%3A%3AExtended+-+Recommended+Change%3A%3AComponent3","otiUUID":["72692bb1-c28b-46d0-bb16-86d354b4f463"]}
{"explanation":"namedElement2ConceptMapping","omlIRI":["http://imce.jpl.nasa.gov/projects/EuropaPatternsTest/europaPatternTestPackages/_#concept-0357d0dd-bc3d-4136-afe6-9d36cf9b8ad5"],"omlUUID":"4a0592a4-5c1d-5f73-914e-4fbaa49fa9d6","otiID":"_18_0_6_c0402fd_1493053340337_526775_17503","otiURL":"mdel://_18_0_6_c0402fd_1493053340337_526775_17503?projectName=CAESAR+Patterns&elementName=Component+Component21&metaType=Component&elementQName=01_TestPatterns%3A%3A05_Framework+Patterns%3A%3A01_IMCE+Framework+Patterns%3A%3A01_Component+Subcomponent%3A%3AExtended+-+Recommended+Change%3A%3AComponent21","otiUUID":["0357d0dd-bc3d-4136-afe6-9d36cf9b8ad5"]}
{"explanation":"R2.class2concept(IMCE Ontology Bundles::imce.jpl.nasa.gov::foundation::project::project-bundle::mission::mission:Component)","omlIRI":[],"omlUUID":"97a5b294-d13c-5e0e-8cd5-bce5e0a42f35","otiID":"_18_0_6_c0402fd_1493053340337_526775_17503","otiURL":"mdel://_18_0_6_c0402fd_1493053340337_526775_17503?projectName=CAESAR+Patterns&elementName=Component+Component21&metaType=Component&elementQName=01_TestPatterns%3A%3A05_Framework+Patterns%3A%3A01_IMCE+Framework+Patterns%3A%3A01_Component+Subcomponent%3A%3AExtended+-+Recommended+Change%3A%3AComponent21","otiUUID":["0357d0dd-bc3d-4136-afe6-9d36cf9b8ad5"]}
{"explanation":"namedElement2ConceptMapping","omlIRI":["http://imce.jpl.nasa.gov/projects/EuropaPatternsTest/europaPatternTestPackages/_#concept-0966dffc-a3ca-421e-baad-c2cee16a1c36"],"omlUUID":"f6070fc9-565b-51f9-bf28-847ae9c63e26","otiID":"_18_0_6_c0402fd_1493053340330_721666_17498","otiURL":"mdel://_18_0_6_c0402fd_1493053340330_721666_17498?projectName=CAESAR+Patterns&elementName=Component+Component1&metaType=Component&elementQName=01_TestPatterns%3A%3A05_Framework+Patterns%3A%3A01_IMCE+Framework+Patterns%3A%3A01_Component+Subcomponent%3A%3AExtended+-+Recommended+Change%3A%3AComponent1","otiUUID":["0966dffc-a3ca-421e-baad-c2cee16a1c36"]}
{"explanation":"R2.class2concept(IMCE Ontology Bundles::imce.jpl.nasa.gov::foundation::project::project-bundle::mission::mission:Component)","omlIRI":[],"omlUUID":"0a2f4394-0eae-57f8-8149-f182c921f10a","otiID":"_18_0_6_c0402fd_1493053340330_721666_17498","otiURL":"mdel://_18_0_6_c0402fd_1493053340330_721666_17498?projectName=CAESAR+Patterns&elementName=Component+Component1&metaType=Component&elementQName=01_TestPatterns%3A%3A05_Framework+Patterns%3A%3A01_IMCE+Framework+Patterns%3A%3A01_Component+Subcomponent%3A%3AExtended+-+Recommended+Change%3A%3AComponent1","otiUUID":["0966dffc-a3ca-421e-baad-c2cee16a1c36"]}
{"explanation":"namedElement2ConceptMapping","omlIRI":["http://imce.jpl.nasa.gov/projects/EuropaPatternsTest/europaPatternTestPackages/_#concept-463749ae-13ba-4174-9889-f39a3e018f38"],"omlUUID":"e78e339e-8657-530a-bf99-bac05adb2d2e","otiID":"_18_0_6_c0402fd_1493053340338_850126_17504","otiURL":"mdel://_18_0_6_c0402fd_1493053340338_850126_17504?projectName=CAESAR+Patterns&elementName=Component+Component4&metaType=Component&elementQName=01_TestPatterns%3A%3A05_Framework+Patterns%3A%3A01_IMCE+Framework+Patterns%3A%3A01_Component+Subcomponent%3A%3AExtended+-+Recommended+Change%3A%3AComponent4","otiUUID":["463749ae-13ba-4174-9889-f39a3e018f38"]}
{"explanation":"R2.class2concept(IMCE Ontology Bundles::imce.jpl.nasa.gov::foundation::project::project-bundle::mission::mission:Component)","omlIRI":[],"omlUUID":"026d11d3-5ee7-5732-9d8d-6ae932fd491a","otiID":"_18_0_6_c0402fd_1493053340338_850126_17504","otiURL":"mdel://_18_0_6_c0402fd_1493053340338_850126_17504?projectName=CAESAR+Patterns&elementName=Component+Component4&metaType=Component&elementQName=01_TestPatterns%3A%3A05_Framework+Patterns%3A%3A01_IMCE+Framework+Patterns%3A%3A01_Component+Subcomponent%3A%3AExtended+-+Recommended+Change%3A%3AComponent4","otiUUID":["463749ae-13ba-4174-9889-f39a3e018f38"]}
{"explanation":"namedElement2ConceptMapping","omlIRI":["http://imce.jpl.nasa.gov/projects/EuropaPatternsTest/europaPatternTestPackages/_#concept-56423238-4630-407e-964f-ee13f3af49e9"],"omlUUID":"43d67ae5-e8ab-5fb9-b9c1-6c8741ef8ef8","otiID":"_18_0_6_c0402fd_1493053340338_203212_17505","otiURL":"mdel://_18_0_6_c0402fd_1493053340338_203212_17505?projectName=CAESAR+Patterns&elementName=Component+Component31&metaType=Component&elementQName=01_TestPatterns%3A%3A05_Framework+Patterns%3A%3A01_IMCE+Framework+Patterns%3A%3A01_Component+Subcomponent%3A%3AExtended+-+Recommended+Change%3A%3AComponent31","otiUUID":["56423238-4630-407e-964f-ee13f3af49e9"]}
{"explanation":"R2.class2concept(IMCE Ontology Bundles::imce.jpl.nasa.gov::foundation::project::project-bundle::mission::mission:Component)","omlIRI":[],"omlUUID":"5dc1a7d5-8fe9-5009-9a90-626de46b364f","otiID":"_18_0_6_c0402fd_1493053340338_203212_17505","otiURL":"mdel://_18_0_6_c0402fd_1493053340338_203212_17505?projectName=CAESAR+Patterns&elementName=Component+Component31&metaType=Component&elementQName=01_TestPatterns%3A%3A05_Framework+Patterns%3A%3A01_IMCE+Framework+Patterns%3A%3A01_Component+Subcomponent%3A%3AExtended+-+Recommended+Change%3A%3AComponent31","otiUUID":["56423238-4630-407e-964f-ee13f3af49e9"]}
{"explanation":"namedElement2ConceptMapping","omlIRI":["http://imce.jpl.nasa.gov/projects/EuropaPatternsTest/europaPatternTestPackages/_#concept-41f87ed6-ec13-464f-84bb-170011f687ff"],"omlUUID":"24b44f78-a786-5e62-9105-8fbec7eb56ae","otiID":"_18_0_6_c0402fd_1493053405083_807897_17817","otiURL":"mdel://_18_0_6_c0402fd_1493053405083_807897_17817?projectName=CAESAR+Patterns&elementName=Component+Component2&metaType=Component&elementQName=01_TestPatterns%3A%3A05_Framework+Patterns%3A%3A01_IMCE+Framework+Patterns%3A%3A01_Component+Subcomponent%3A%3AExtended+-+Recommended+Change%3A%3AComponent2","otiUUID":["41f87ed6-ec13-464f-84bb-170011f687ff"]}
{"explanation":"R2.class2concept(IMCE Ontology Bundles::imce.jpl.nasa.gov::foundation::project::project-bundle::mission::mission:Component)","omlIRI":[],"omlUUID":"f8ae4b8a-8716-5f53-98ec-eba9926b1cd5","otiID":"_18_0_6_c0402fd_1493053405083_807897_17817","otiURL":"mdel://_18_0_6_c0402fd_1493053405083_807897_17817?projectName=CAESAR+Patterns&elementName=Component+Component2&metaType=Component&elementQName=01_TestPatterns%3A%3A05_Framework+Patterns%3A%3A01_IMCE+Framework+Patterns%3A%3A01_Component+Subcomponent%3A%3AExtended+-+Recommended+Change%3A%3AComponent2","otiUUID":["41f87ed6-ec13-464f-84bb-170011f687ff"]}
{"explanation":"namedElement2ConceptMapping","omlIRI":["http://imce.jpl.nasa.gov/projects/EuropaPatternsTest/europaPatternTestPackages/_#concept-41660b35-0af8-4ae9-bf9c-8f9c999cad3e"],"omlUUID":"9b72f987-ac8e-51ad-87c0-b4e84a621586","otiID":"_18_0_6_c0402fd_1491251712532_363347_16163","otiURL":"mdel://_18_0_6_c0402fd_1491251712532_363347_16163?projectName=CAESAR+Patterns&elementName=analysis%3ACharacterization+Document+Characterization&metaType=Component&elementQName=01_TestPatterns%3A%3A01_Conceptual+Patterns%3A%3A02_Europa-Specific+Conceptual+Patterns%3A%3A05_Document+Characterization%3A%3AOriginal%3A%3AConcept%3A%3ADocument+Characterization","otiUUID":["41660b35-0af8-4ae9-bf9c-8f9c999cad3e"]}
{"explanation":"R2.class2concept(IMCE Ontology Bundles::imce.jpl.nasa.gov::foundation::project::project-bundle::analysis::analysis:Characterization)","omlIRI":[],"omlUUID":"a95bf785-4590-542b-a21c-30c8cb1f73b2","otiID":"_18_0_6_c0402fd_1491251712532_363347_16163","otiURL":"mdel://_18_0_6_c0402fd_1491251712532_363347_16163?projectName=CAESAR+Patterns&elementName=analysis%3ACharacterization+Document+Characterization&metaType=Component&elementQName=01_TestPatterns%3A%3A01_Conceptual+Patterns%3A%3A02_Europa-Specific+Conceptual+Patterns%3A%3A05_Document+Characterization%3A%3AOriginal%3A%3AConcept%3A%3ADocument+Characterization","otiUUID":["41660b35-0af8-4ae9-bf9c-8f9c999cad3e"]}
{"explanation":"namedElement2ConceptMapping","omlIRI":["http://imce.jpl.nasa.gov/projects/EuropaPatternsTest/europaPatternTestPackages/_/_01_Conceptual_Patterns/_02_Europa-Specific_Conceptual_Patterns/_05_Document_Characterization/Fixed/Concept#concept-eec1d97c-af87-4cf3-86e7-7dffa66f6a80"],"omlUUID":"ff8688cf-536d-58ca-b816-04b7545af2d9","otiID":"_18_0_6_c0402fd_1492629495302_46867_18416","otiURL":"mdel://_18_0_6_c0402fd_1492629495302_46867_18416?projectName=CAESAR+Patterns&elementName=analysis%3ACharacterization+Document+Characterization&metaType=Component&elementQName=01_TestPatterns%3A%3A01_Conceptual+Patterns%3A%3A02_Europa-Specific+Conceptual+Patterns%3A%3A05_Document+Characterization%3A%3AFixed%3A%3AConcept%3A%3ADocument+Characterization","otiUUID":["eec1d97c-af87-4cf3-86e7-7dffa66f6a80"]}
{"explanation":"R2.class2concept(IMCE Ontology Bundles::imce.jpl.nasa.gov::foundation::project::project-bundle::analysis::analysis:Characterization)","omlIRI":[],"omlUUID":"912fb120-4a02-57a4-b450-c888744a420f","otiID":"_18_0_6_c0402fd_1492629495302_46867_18416","otiURL":"mdel://_18_0_6_c0402fd_1492629495302_46867_18416?projectName=CAESAR+Patterns&elementName=analysis%3ACharacterization+Document+Characterization&metaType=Component&elementQName=01_TestPatterns%3A%3A01_Conceptual+Patterns%3A%3A02_Europa-Specific+Conceptual+Patterns%3A%3A05_Document+Characterization%3A%3AFixed%3A%3AConcept%3A%3ADocument+Characterization","otiUUID":["eec1d97c-af87-4cf3-86e7-7dffa66f6a80"]}
{"explanation":"namedElement2ConceptMapping","omlIRI":["http://imce.jpl.nasa.gov/projects/EuropaPatternsTest/europaPatternTestPackages/_#concept-f832a746-cfcc-4d36-8822-04f261ab95e3"],"omlUUID":"8e23a92d-0c13-54b2-bd94-caee3b40625f","otiID":"_18_0_6_c0402fd_1491252540341_195051_16844","otiURL":"mdel://_18_0_6_c0402fd_1491252540341_195051_16844?projectName=CAESAR+Patterns&elementName=Actor+Responsible+Engineer&metaType=Actor&elementQName=01_TestPatterns%3A%3A01_Conceptual+Patterns%3A%3A02_Europa-Specific+Conceptual+Patterns%3A%3A06_Lead+and+Modeler+Assignment%3A%3AOriginal%3A%3AConcept%3A%3AResponsible+Engineer","otiUUID":["f832a746-cfcc-4d36-8822-04f261ab95e3"]}
{"explanation":"R2.other2concept(IMCE Ontology Bundles::imce.jpl.nasa.gov::foundation::project::project-bundle::project::project:Role)","omlIRI":[],"omlUUID":"7138070f-1f82-57ac-b017-b12c9a6d3aae","otiID":"_18_0_6_c0402fd_1491252540341_195051_16844","otiURL":"mdel://_18_0_6_c0402fd_1491252540341_195051_16844?projectName=CAESAR+Patterns&elementName=Actor+Responsible+Engineer&metaType=Actor&elementQName=01_TestPatterns%3A%3A01_Conceptual+Patterns%3A%3A02_Europa-Specific+Conceptual+Patterns%3A%3A06_Lead+and+Modeler+Assignment%3A%3AOriginal%3A%3AConcept%3A%3AResponsible+Engineer","otiUUID":["f832a746-cfcc-4d36-8822-04f261ab95e3"]}
{"explanation":"namedElement2ConceptMapping","omlIRI":["http://imce.jpl.nasa.gov/projects/EuropaPatternsTest/europaPatternTestPackages/_#concept-b8b86d7b-5e8c-4fa3-bb3d-e0e11eaea64e"],"omlUUID":"ec8eedf4-3e8e-5517-a64f-ba5cb98b0442","otiID":"_18_0_6_c0402fd_1491252554719_42301_16866","otiURL":"mdel://_18_0_6_c0402fd_1491252554719_42301_16866?projectName=CAESAR+Patterns&elementName=Actor+Modeler&metaType=Actor&elementQName=01_TestPatterns%3A%3A01_Conceptual+Patterns%3A%3A02_Europa-Specific+Conceptual+Patterns%3A%3A06_Lead+and+Modeler+Assignment%3A%3AOriginal%3A%3AConcept%3A%3AModeler","otiUUID":["b8b86d7b-5e8c-4fa3-bb3d-e0e11eaea64e"]}
{"explanation":"R2.other2concept(IMCE Ontology Bundles::imce.jpl.nasa.gov::foundation::project::project-bundle::project::project:Role)","omlIRI":[],"omlUUID":"c608d50a-9ce3-5f0b-8370-301894c6c887","otiID":"_18_0_6_c0402fd_1491252554719_42301_16866","otiURL":"mdel://_18_0_6_c0402fd_1491252554719_42301_16866?projectName=CAESAR+Patterns&elementName=Actor+Modeler&metaType=Actor&elementQName=01_TestPatterns%3A%3A01_Conceptual+Patterns%3A%3A02_Europa-Specific+Conceptual+Patterns%3A%3A06_Lead+and+Modeler+Assignment%3A%3AOriginal%3A%3AConcept%3A%3AModeler","otiUUID":["b8b86d7b-5e8c-4fa3-bb3d-e0e11eaea64e"]}
{"explanation":"namedElement2ConceptMapping","omlIRI":["http://imce.jpl.nasa.gov/projects/EuropaPatternsTest/europaPatternTestPackages/_#concept-cfb5b1dc-7b18-4329-b4b0-2ca3b07bb5c1"],"omlUUID":"4039d0b9-874d-524b-8ca4-8fd4c3cbecac","otiID":"_18_0_6_c0402fd_1492450754883_390593_17879","otiURL":"mdel://_18_0_6_c0402fd_1492450754883_390593_17879?projectName=CAESAR+Patterns&elementName=Actor+Modeler&metaType=Actor&elementQName=01_TestPatterns%3A%3A01_Conceptual+Patterns%3A%3A02_Europa-Specific+Conceptual+Patterns%3A%3A06_Lead+and+Modeler+Assignment%3A%3AFixed%3A%3AConcept%3A%3AModeler","otiUUID":["cfb5b1dc-7b18-4329-b4b0-2ca3b07bb5c1"]}
{"explanation":"R2.other2concept(IMCE Ontology Bundles::imce.jpl.nasa.gov::foundation::project::project-bundle::project::project:Role)","omlIRI":[],"omlUUID":"7db8dbd6-a04a-503e-9e29-117341012879","otiID":"_18_0_6_c0402fd_1492450754883_390593_17879","otiURL":"mdel://_18_0_6_c0402fd_1492450754883_390593_17879?projectName=CAESAR+Patterns&elementName=Actor+Modeler&metaType=Actor&elementQName=01_TestPatterns%3A%3A01_Conceptual+Patterns%3A%3A02_Europa-Specific+Conceptual+Patterns%3A%3A06_Lead+and+Modeler+Assignment%3A%3AFixed%3A%3AConcept%3A%3AModeler","otiUUID":["cfb5b1dc-7b18-4329-b4b0-2ca3b07bb5c1"]}
{"explanation":"namedElement2ConceptMapping","omlIRI":["http://imce.jpl.nasa.gov/projects/EuropaPatternsTest/europaPatternTestPackages/_#concept-a62631af-9239-47fc-8d97-a6bf0df0b3d9"],"omlUUID":"a688dfe7-7456-542f-8fb3-a0464f6044bf","otiID":"_18_0_6_c0402fd_1492450754881_898445_17877","otiURL":"mdel://_18_0_6_c0402fd_1492450754881_898445_17877?projectName=CAESAR+Patterns&elementName=Actor+Responsible+Engineer&metaType=Actor&elementQName=01_TestPatterns%3A%3A01_Conceptual+Patterns%3A%3A02_Europa-Specific+Conceptual+Patterns%3A%3A06_Lead+and+Modeler+Assignment%3A%3AFixed%3A%3AConcept%3A%3AResponsible+Engineer","otiUUID":["a62631af-9239-47fc-8d97-a6bf0df0b3d9"]}
{"explanation":"R2.other2concept(IMCE Ontology Bundles::imce.jpl.nasa.gov::foundation::project::project-bundle::project::project:Role)","omlIRI":[],"omlUUID":"b652aba7-1048-5594-9df4-84b5fed1c630","otiID":"_18_0_6_c0402fd_1492450754881_898445_17877","otiURL":"mdel://_18_0_6_c0402fd_1492450754881_898445_17877?projectName=CAESAR+Patterns&elementName=Actor+Responsible+Engineer&metaType=Actor&elementQName=01_TestPatterns%3A%3A01_Conceptual+Patterns%3A%3A02_Europa-Specific+Conceptual+Patterns%3A%3A06_Lead+and+Modeler+Assignment%3A%3AFixed%3A%3AConcept%3A%3AResponsible+Engineer","otiUUID":["a62631af-9239-47fc-8d97-a6bf0df0b3d9"]}
{"explanation":"namedElement2ConceptMapping","omlIRI":["http://imce.jpl.nasa.gov/projects/EuropaPatternsTest/europaPatternTestPackages/_#concept-e752bbef-817a-4e60-bdb5-edcaf0959638"],"omlUUID":"e1665151-fc46-5fce-9f47-fe8878a7a950","otiID":"_18_0_6_c0402fd_1492450754847_895584_17853","otiURL":"mdel://_18_0_6_c0402fd_1492450754847_895584_17853?projectName=CAESAR+Patterns&elementName=caesar%3APerson+TBD&metaType=Class&elementQName=01_TestPatterns%3A%3A01_Conceptual+Patterns%3A%3A02_Europa-Specific+Conceptual+Patterns%3A%3A06_Lead+and+Modeler+Assignment%3A%3AFixed%3A%3AConcept%3A%3ATBD","otiUUID":["e752bbef-817a-4e60-bdb5-edcaf0959638"]}
{"explanation":"R2.class2concept(00_ProfileExtensionsAndStereotypes::caesar:Person)","omlIRI":[],"omlUUID":"01af88b1-4075-5a78-bb29-14e1f9256ad5","otiID":"_18_0_6_c0402fd_1492450754847_895584_17853","otiURL":"mdel://_18_0_6_c0402fd_1492450754847_895584_17853?projectName=CAESAR+Patterns&elementName=caesar%3APerson+TBD&metaType=Class&elementQName=01_TestPatterns%3A%3A01_Conceptual+Patterns%3A%3A02_Europa-Specific+Conceptual+Patterns%3A%3A06_Lead+and+Modeler+Assignment%3A%3AFixed%3A%3AConcept%3A%3ATBD","otiUUID":["e752bbef-817a-4e60-bdb5-edcaf0959638"]}
{"explanation":"R3.sourceDefinitionDependency2RelationshipMapping(IMCE Ontology Bundles::imce.jpl.nasa.gov::foundation::project::project-bundle::project::project:hasRole)","omlIRI":[],"omlUUID":"ffa4b279-1597-5789-8ff8-981538634cef","otiID":"_18_0_6_c0402fd_1491252627340_52841_16938","otiURL":"mdel://_18_0_6_c0402fd_1491252627340_52841_16938?projectName=CAESAR+Patterns&elementName=Dependency&metaType=Dependency&elementQName=01_TestPatterns%3A%3A01_Conceptual+Patterns%3A%3A02_Europa-Specific+Conceptual+Patterns%3A%3A06_Lead+and+Modeler+Assignment%3A%3AOriginal%3A%3A","otiUUID":["aa437c48-a78b-40e0-bd80-0b837cdd2a92"]}
{"explanation":"R3.sourceDefinitionDependency2RelationshipMapping(IMCE Ontology Bundles::imce.jpl.nasa.gov::foundation::project::project-bundle::project::project:hasRole)","omlIRI":[],"omlUUID":"e0c90709-12ab-50bc-aa93-1e57b54aa7ca","otiID":"_18_0_6_c0402fd_1491252629961_576915_16941","otiURL":"mdel://_18_0_6_c0402fd_1491252629961_576915_16941?projectName=CAESAR+Patterns&elementName=Dependency&metaType=Dependency&elementQName=01_TestPatterns%3A%3A01_Conceptual+Patterns%3A%3A02_Europa-Specific+Conceptual+Patterns%3A%3A06_Lead+and+Modeler+Assignment%3A%3AOriginal%3A%3A","otiUUID":["056efeac-17ef-4da9-832c-70d5a26b2d63"]}
{"explanation":"R3.sourceDefinitionDependency2RelationshipMapping(IMCE Ontology Bundles::imce.jpl.nasa.gov::foundation::project::project-bundle::project::project:authorizes)","omlIRI":[],"omlUUID":"e25ba445-e90d-5b5c-b0a6-1156a0f2ea80","otiID":"_18_0_6_c0402fd_1492119159375_910726_17742","otiURL":"mdel://_18_0_6_c0402fd_1492119159375_910726_17742?projectName=CAESAR+Patterns&elementName=Dependency&metaType=Dependency&elementQName=01_TestPatterns%3A%3A01_Conceptual+Patterns%3A%3A02_Europa-Specific+Conceptual+Patterns%3A%3A02_Concept+Authorization%3A%3AFixed%3A%3AWorkPackage%3A%3A","otiUUID":["8303f419-8736-4eed-9b13-5bc84a14a68c"]}
{"explanation":"R3.sourceDefinitionDependency2RelationshipMapping(IMCE Ontology Bundles::imce.jpl.nasa.gov::foundation::project::project-bundle::project::project:hasRole)","omlIRI":[],"omlUUID":"370a9275-eb75-5cdd-b1c3-3bc578b0479f","otiID":"_18_0_6_c0402fd_1492450754853_223389_17854","otiURL":"mdel://_18_0_6_c0402fd_1492450754853_223389_17854?projectName=CAESAR+Patterns&elementName=Dependency&metaType=Dependency&elementQName=01_TestPatterns%3A%3A01_Conceptual+Patterns%3A%3A02_Europa-Specific+Conceptual+Patterns%3A%3A06_Lead+and+Modeler+Assignment%3A%3AFixed%3A%3AConcept%3A%3A","otiUUID":["ee0d2ca7-91e0-486a-9131-090a2d827097"]}
{"explanation":"R3.sourceDefinitionDependency2RelationshipMapping(IMCE Ontology Bundles::imce.jpl.nasa.gov::foundation::project::project-bundle::project::project:hasRole)","omlIRI":[],"omlUUID":"13abdcba-9f3f-5065-90bf-5678123ab98a","otiID":"_18_0_6_c0402fd_1492450754853_72342_17855","otiURL":"mdel://_18_0_6_c0402fd_1492450754853_72342_17855?projectName=CAESAR+Patterns&elementName=Dependency&metaType=Dependency&elementQName=01_TestPatterns%3A%3A01_Conceptual+Patterns%3A%3A02_Europa-Specific+Conceptual+Patterns%3A%3A06_Lead+and+Modeler+Assignment%3A%3AFixed%3A%3AConcept%3A%3A","otiUUID":["cedf7ccf-6842-4869-93b7-74150031be7e"]}
{"explanation":"R3.sourceDefinitionDependency2RelationshipMapping(IMCE Ontology Bundles::imce.jpl.nasa.gov::foundation::project::project-bundle::analysis::analysis:characterizes)","omlIRI":[],"omlUUID":"c35df4da-a792-5143-abc0-5d2d9e6af582","otiID":"_18_0_6_c0402fd_1492629495308_451210_18418","otiURL":"mdel://_18_0_6_c0402fd_1492629495308_451210_18418?projectName=CAESAR+Patterns&elementName=Dependency&metaType=Dependency&elementQName=01_TestPatterns%3A%3A01_Conceptual+Patterns%3A%3A02_Europa-Specific+Conceptual+Patterns%3A%3A05_Document+Characterization%3A%3AFixed%3A%3AConcept%3A%3ADocument+Characterization%3A%3A","otiUUID":["28940a59-dfc9-4015-a165-253341bb9ca5"]}
{"explanation":"R4.sourceDefinitionCompositeAssociation2RelationshipMapping(IMCE Ontology Bundles::imce.jpl.nasa.gov::foundation::project::project-bundle::mission::mission:performs)","omlIRI":[],"omlUUID":"66e7dc9b-d25d-5f6d-90ad-43f13c5a4f2b","otiID":"_18_0_6_c0402fd_1491248550304_445261_15742","otiURL":"mdel://_18_0_6_c0402fd_1491248550304_445261_15742?projectName=CAESAR+Patterns&elementName=Association&metaType=Association&elementQName=01_TestPatterns%3A%3A01_Conceptual+Patterns%3A%3A01_IMCE+Conceptual+Patterns%3A%3A01_Component+Performs+Function%3A%3A","otiUUID":["a16791e7-c4e3-43ee-815a-61d07ab830ef"]}
{"explanation":"R4.sourceDefinitionCompositeAssociation2RelationshipMapping(IMCE Ontology Bundles::imce.jpl.nasa.gov::foundation::project::project-bundle::mission::mission:performs)","omlIRI":[],"omlUUID":"87491cc7-462f-5edf-a00d-72b25c984f1d","otiID":"_18_0_6_c0402fd_1491248925148_220681_14765","otiURL":"mdel://_18_0_6_c0402fd_1491248925148_220681_14765?projectName=CAESAR+Patterns&elementName=Association&metaType=Association&elementQName=01_TestPatterns%3A%3A01_Conceptual+Patterns%3A%3A01_IMCE+Conceptual+Patterns%3A%3A02_Mission+Performs+Function%3A%3A","otiUUID":["b06772e4-d01e-4794-ac88-0ac58ac55374"]}
{"explanation":"R4.sourceDefinitionCompositeAssociation2RelationshipMapping(IMCE Ontology Bundles::imce.jpl.nasa.gov::foundation::project::project-bundle::base::base:contains)","omlIRI":[],"omlUUID":"4bd1ca33-5538-5a4a-a02c-47d0fbea5f0e","otiID":"_18_0_6_c0402fd_1493052323584_502419_18728","otiURL":"mdel://_18_0_6_c0402fd_1493052323584_502419_18728?projectName=CAESAR+Patterns&elementName=Association&metaType=Association&elementQName=01_TestPatterns%3A%3A05_Framework+Patterns%3A%3A01_IMCE+Framework+Patterns%3A%3A01_Component+Subcomponent%3A%3AOriginal%3A%3A","otiUUID":["832cf098-2fef-455f-a974-6e4b001dc26d"]}
{"explanation":"R4.sourceDefinitionCompositeAssociation2RelationshipMapping(IMCE Ontology Bundles::imce.jpl.nasa.gov::foundation::project::project-bundle::base::base:contains)","omlIRI":[],"omlUUID":"bd21207c-88d3-5d16-b1e7-83a43ce82bf4","otiID":"_18_0_6_c0402fd_1493052512142_461162_19086","otiURL":"mdel://_18_0_6_c0402fd_1493052512142_461162_19086?projectName=CAESAR+Patterns&elementName=Association&metaType=Association&elementQName=01_TestPatterns%3A%3A05_Framework+Patterns%3A%3A01_IMCE+Framework+Patterns%3A%3A01_Component+Subcomponent%3A%3AExtended+-+Original%3A%3A","otiUUID":["6e6588ed-a6ec-4136-89b0-683ce0c6c5d5"]}
{"explanation":"R4.sourceDefinitionCompositeAssociation2RelationshipMapping(IMCE Ontology Bundles::imce.jpl.nasa.gov::foundation::project::project-bundle::base::base:contains)","omlIRI":[],"omlUUID":"eff2538d-4053-5dbe-bc56-a844291f0f39","otiID":"_18_0_6_c0402fd_1493052468119_745612_19028","otiURL":"mdel://_18_0_6_c0402fd_1493052468119_745612_19028?projectName=CAESAR+Patterns&elementName=Association&metaType=Association&elementQName=01_TestPatterns%3A%3A05_Framework+Patterns%3A%3A01_IMCE+Framework+Patterns%3A%3A01_Component+Subcomponent%3A%3AExtended+-+Original%3A%3A","otiUUID":["8f9df36e-525d-424d-8dbe-60f17995bb62"]}
{"explanation":"R4.sourceDefinitionCompositeAssociation2RelationshipMapping(IMCE Ontology Bundles::imce.jpl.nasa.gov::foundation::project::project-bundle::base::base:contains)","omlIRI":[],"omlUUID":"acc2aeaa-1317-5daa-88e4-a5aaff79b224","otiID":"_18_0_6_c0402fd_1493052498326_499145_19061","otiURL":"mdel://_18_0_6_c0402fd_1493052498326_499145_19061?projectName=CAESAR+Patterns&elementName=Association&metaType=Association&elementQName=01_TestPatterns%3A%3A05_Framework+Patterns%3A%3A01_IMCE+Framework+Patterns%3A%3A01_Component+Subcomponent%3A%3AExtended+-+Original%3A%3A","otiUUID":["5f5193e2-ef10-4852-a207-9b667131c238"]}
{"explanation":"R4.sourceDefinitionCompositeAssociation2RelationshipMapping(IMCE Ontology Bundles::imce.jpl.nasa.gov::foundation::project::project-bundle::base::base:contains)","omlIRI":[],"omlUUID":"eff2538d-4053-5dbe-bc56-a844291f0f39","otiID":"_18_0_6_c0402fd_1493052447936_635188_19000","otiURL":"mdel://_18_0_6_c0402fd_1493052447936_635188_19000?projectName=CAESAR+Patterns&elementName=Association&metaType=Association&elementQName=01_TestPatterns%3A%3A05_Framework+Patterns%3A%3A01_IMCE+Framework+Patterns%3A%3A01_Component+Subcomponent%3A%3AExtended+-+Original%3A%3A","otiUUID":["9ab43f50-2a32-485c-80c9-35bdac960c6e"]}
{"explanation":"R4.sourceDefinitionCompositeAssociation2RelationshipMapping(IMCE Ontology Bundles::imce.jpl.nasa.gov::foundation::project::project-bundle::base::base:contains)","omlIRI":[],"omlUUID":"4ed4f22c-aa4b-5f40-ba19-35cbe7a1084c","otiID":"_18_0_6_c0402fd_1493053340337_893548_17501","otiURL":"mdel://_18_0_6_c0402fd_1493053340337_893548_17501?projectName=CAESAR+Patterns&elementName=Association&metaType=Association&elementQName=01_TestPatterns%3A%3A05_Framework+Patterns%3A%3A01_IMCE+Framework+Patterns%3A%3A01_Component+Subcomponent%3A%3AExtended+-+Recommended+Change%3A%3A","otiUUID":["a7f0d715-e464-4cb3-8405-b8a0d693e120"]}
{"explanation":"R4.sourceDefinitionCompositeAssociation2RelationshipMapping(IMCE Ontology Bundles::imce.jpl.nasa.gov::foundation::project::project-bundle::base::base:contains)","omlIRI":[],"omlUUID":"2ff3ec09-7cf5-5084-9d8a-73d9b194623b","otiID":"_18_0_6_c0402fd_1493053340337_666273_17500","otiURL":"mdel://_18_0_6_c0402fd_1493053340337_666273_17500?projectName=CAESAR+Patterns&elementName=Association&metaType=Association&elementQName=01_TestPatterns%3A%3A05_Framework+Patterns%3A%3A01_IMCE+Framework+Patterns%3A%3A01_Component+Subcomponent%3A%3AExtended+-+Recommended+Change%3A%3A","otiUUID":["b50751bf-86c9-4e9a-ae50-c047ff02ea43"]}
{"explanation":"R4.sourceDefinitionCompositeAssociation2RelationshipMapping(IMCE Ontology Bundles::imce.jpl.nasa.gov::foundation::project::project-bundle::base::base:contains)","omlIRI":[],"omlUUID":"9193079f-9dfb-5b64-b981-7d9cc7448fb6","otiID":"_18_0_6_c0402fd_1493053651837_809640_18073","otiURL":"mdel://_18_0_6_c0402fd_1493053651837_809640_18073?projectName=CAESAR+Patterns&elementName=Association&metaType=Association&elementQName=01_TestPatterns%3A%3A05_Framework+Patterns%3A%3A01_IMCE+Framework+Patterns%3A%3A01_Component+Subcomponent%3A%3AExtended+-+Recommended+Change%3A%3A","otiUUID":["ac32720d-f379-4f9b-9e27-29426e88d0ca"]}
{"explanation":"R4.sourceDefinitionCompositeAssociation2RelationshipMapping(IMCE Ontology Bundles::imce.jpl.nasa.gov::foundation::project::project-bundle::base::base:contains)","omlIRI":[],"omlUUID":"f94e58b1-8829-5e87-a0bf-d9ddbc5025f8","otiID":"_18_0_6_c0402fd_1493053340336_761580_17499","otiURL":"mdel://_18_0_6_c0402fd_1493053340336_761580_17499?projectName=CAESAR+Patterns&elementName=Association&metaType=Association&elementQName=01_TestPatterns%3A%3A05_Framework+Patterns%3A%3A01_IMCE+Framework+Patterns%3A%3A01_Component+Subcomponent%3A%3AExtended+-+Recommended+Change%3A%3A","otiUUID":["568856bc-3dbd-4031-8032-be56ea247d73"]}
{"explanation":"R4.sourceDefinitionCompositeAssociation2RelationshipMapping(IMCE Ontology Bundles::imce.jpl.nasa.gov::foundation::project::project-bundle::base::base:contains)","omlIRI":[],"omlUUID":"512d8b7f-b6da-50d4-9b65-6598293f94ab","otiID":"_18_0_6_c0402fd_1493053340337_485687_17502","otiURL":"mdel://_18_0_6_c0402fd_1493053340337_485687_17502?projectName=CAESAR+Patterns&elementName=Association&metaType=Association&elementQName=01_TestPatterns%3A%3A05_Framework+Patterns%3A%3A01_IMCE+Framework+Patterns%3A%3A01_Component+Subcomponent%3A%3AExtended+-+Recommended+Change%3A%3A","otiUUID":["be35da82-7ca7-45a1-a1e9-66c5eeebee13"]}
